"","Entry","HD_1","FD_1","HD_50.","FD_50.","Yld_kg","SDW_kg","Cml_cm","CmD_BI_mm","CmD_LI_mm","CmN.","CmDW_g","Bcirc_cm","FNMain","FNsmall","TFN.","Lg","FD","CCirc_cm","SRD","ADD","GS","fprin"
"1",1,-0.208847126241538,-0.0291499207179155,-0.54029661939799,-0.000298873033164,-1.49720471068592,-1.36224253670605,-9.82791138197767,-0.148186132225378,-0.113025651487726,-0.6695520720437,-0.613580533679871,-1.62456065824339,-1.28756474726213,-0.748278710083228,-1.01629348480026,-0.0418846269832591,-1.06862589042554,-0.721701326569564,-0.765427980895446,0.0000302154908439883,0.216880271974677,-0.54133642585457
"2",2,-0.150338927986548,-0.00206755730313801,-0.749628980527812,-0.0516534302976679,-1.3943829010847,-0.606988291431511,-11.1271968324084,0.0670688826568533,0.0509607133509244,-0.309322364560387,-0.104416297109113,-0.72764927117853,-1.00744762619715,-0.668453502294801,-0.477580228345564,-0.0403543056933704,-0.356801019029328,-0.758338568124815,11.3926160887348,-0.0000861515954165499,0.213888507218784,-0.741416436510415
"3",3,-0.135523752657819,0.00271310561336287,-0.368514174814775,0.0649280604424403,-1.27939048547102,-0.426626694438053,-12.1816249171337,-0.0569996211182608,-0.208627945890957,-0.270575908585224,-0.0966719505927435,-1.13114945667672,-1.69535747995223,-1.04691393368975,-0.908859207581782,-0.0376062944458405,-0.487956747343333,-0.869029282050404,6.08973931135772,0.000240572052518975,0.208933215021516,-0.353607307417429
"4",4,-0.260819661600001,-0.024692474584059,-2.22448514624056,-0.131249699329447,0.996114500123979,0.569759780258158,-11.4987062910205,-0.0278987852470482,-0.0511350827205369,-0.0493644626257276,-0.270087763353878,1.11242692504154,1.97262046921637,0.851786820212005,1.79638645695853,-0.0312269085667446,1.31060365761253,0.65496593191124,-16.0765724350966,-0.000186490290848379,0.171580516332175,-2.21541030508306
"5",5,NA,NA,NA,NA,NA,NA,NA,NA,NA,NA,NA,NA,NA,NA,NA,NA,NA,NA,NA,NA,NA,NA
"6",6,0.85198054452592,0.162610400985731,4.74613238214408,0.486492887527648,0.1129213929301,-0.607273252773873,30.5502489453939,0.348018661118308,0.508967910279201,-0.177390938851702,0.430775697926792,-1.52656811738965,0.444227472280232,-0.214279469091447,-0.284272812473333,-0.0376062944458405,-1.54843061052456,0.507846021556725,-7.23932119090871,0.000142506568120655,0.197138176330271,4.87250881924941
"7",7,0.248442464573019,0.0664778698455944,1.27796287607341,0.235295322735722,1.63425672559292,0.806894336458503,42.5475932900334,0.629948814454121,0.267770123145224,1.15841391909509,1.59116387976363,6.45512777212185,1.33734388778044,0.452255948781557,1.21337302237685,-0.0418846269832591,1.29271101786042,0.745422826893784,0.921063209569964,-0.000202533952203176,0.216880271974677,1.34316223255549
"8",8,NA,NA,NA,NA,NA,NA,NA,NA,NA,NA,NA,NA,NA,NA,NA,NA,NA,NA,NA,NA,NA,NA
"9",9,NA,NA,NA,NA,4.30640217965638,1.33204956831287,36.4961215820987,0.878416703166936,0.45105171818089,1.39053377504232,2.23687586191413,6.38724424717857,NA,NA,NA,-0.0418846269832591,-1.68884243417752,2.55924685356923,-9.1978839332225,0.000451811085989798,-2.68165479756632,NA
"10",10,NA,NA,NA,NA,2.76648838649984,1.20169123414715,47.9783083433716,0.954506211630967,0.830506106520184,1.77818684140968,2.03543186491115,2.282167181288,NA,NA,NA,-0.0418846269832591,-2.04203769338059,1.30401134371288,16.0994839237587,0.000451811085989798,-1.71547644105266,NA
"11",11,0.230164540374333,0.0477391221774914,1.42996262836014,0.127358697740905,-0.288990218662539,-0.298946616384659,-25.9368372199854,0.00936237541663316,0.180924653671353,-0.510017561226805,-0.320737911049686,-1.57718057818049,0.0794252080859163,0.0712504686680952,0.146622785669229,-0.0312269085667446,0.692705854894376,0.0170528528648275,-2.95929295893223,-0.0000987348352249532,0.22062385397386,1.47851723791587
"12",12,0.255316052359205,0.0595384789354765,3.29296310610336,0.262150041678281,-1.80292431754667,-0.742646888521154,-42.284965373014,-0.666906422973151,-0.652289902351752,-1.10527377862658,-0.988768005640278,-0.97694058844015,-1.80342592594799,-1.03935046960398,-0.8935654131861,-0.0348258212530067,-1.62711109016077,-2.03780310629015,39.6260937251669,0.000146970938889216,0.216098760476609,3.32462749448128
"13",13,-0.198383129761325,-0.0236714211843954,-0.251313528738508,-0.0901229966194382,0.158090812657575,0.315791520431211,-6.08726367184676,-0.238422391460016,-0.188487267191113,-0.348824289037493,-0.21496148214734,-0.177632198796085,1.5657094325412,0.830698836842875,1.32385234566629,-0.0418846269832591,0.401806494282658,0.217489990943934,-9.1978839332225,-0.000202533952203176,0.216880271974677,-0.264382835199852
"14",14,-1.33949258251799,-0.263886850984049,-7.72795927079385,-0.744058412904374,1.11636841283651,0.775878958094299,44.9933473090382,0.139223726045112,-0.330574370873959,0.610809094846311,0.389638960437716,2.40236327138311,0.564954369722507,-0.698425975718599,0.0736811817199875,-0.0403543056933704,0.923103512538608,0.765736788648574,-11.0365115478006,-0.000202864260318617,0.205849823526914,-7.85869728314609
"15",15,0.304816159628147,0.0680406224848537,1.71177972827478,0.221331203679497,-1.30782192683712,-0.595343991439041,4.70866365177561,0.0111854892162098,-0.120036980540357,-0.374979650008908,0.0915561668760125,-0.826573973782514,-0.64369548627824,-0.115453808457466,-0.474377731825236,-0.0418846269832591,-0.912950507368968,-0.640543895386713,2.60755440003537,-0.0000688160501395592,0.216880271974677,1.77687246110862
"16",16,-0.544912318555736,-0.175917854779067,-3.80785607780136,-0.598328097576312,-0.431268693339841,-0.213563307807575,-4.04753089043184,-0.213318387924725,-0.302948369729453,-0.599342931752955,-0.395177622856823,0.450434861017969,0.537591722604156,0.980437218110323,1.13271462142476,-0.0376062944458405,-0.962995686979353,-0.433031303144515,-4.31212388619629,0.0000900304292535095,0.210636782068692,-3.86504531617418
"17",17,-0.0330897185195994,-0.0271713154080665,-1.03499990549038,-0.0467633414765117,-0.789382626834841,-0.13715734577172,-0.617146538600659,-0.0104245198693672,-0.0534208783959402,-0.00965870397358731,-0.57091770326866,-1.25555773233312,-0.0291902668126933,0.0338257206755203,0.359453219520824,-0.0376062944458405,1.28141333475901,-0.586471709731285,5.78012296198472,0.0000338585221154078,0.197138176330271,-1.00281450122204
"18",18,0.0956249192402969,-0.0872258494699771,-0.297532416786762,-0.147139446840182,-1.67539128384312,-0.742173800603953,-9.91657192238363,-0.248572143992839,-0.418973495406881,-0.502570277899052,-0.531094634149018,-2.36884378903422,-1.98002658221255,-1.27747712203482,-1.39655859081358,-0.0418846269832591,-0.623764482037937,-1.12496351104652,4.29404559050078,-0.000179993191009045,0.216880271974677,-0.26942284519256
"19",19,0.866987875000426,0.170803385261776,4.375851236507,0.475318040758332,0.409055127262778,-0.00199960256600522,2.50538579007449,0.285574748753224,0.257528250755367,0.287862376298014,0.752463062650428,-1.51439897167186,0.616970782712709,0.42928122184822,0.133379015763426,0.271786292284976,-1.38290599297992,0.449749366784838,-3.5379936340556,-0.000117124539673472,0.198482493050664,4.51064403663499
"20",20,-0.214364174334313,-0.00102576521407354,-0.830435437927489,-0.089489645897065,-0.699105576561767,-0.622354418531501,-18.2471296188279,-0.236721077969142,-0.166565666962888,-0.0427179501798454,-0.816045156803912,-2.47800856833513,0.120224398325874,0.396089642353147,-0.911748732167613,-0.0368904687055581,-0.032350334749173,0.259989135393549,-9.04291962808926,-0.000182528516342713,0.216098760476609,-0.834713861082049
"21",21,0.0908102636871028,0.016505382782348,-0.00161655368071372,0.0524691825857306,-1.75946160960838,-0.8863383858136,-24.4112692922134,-0.651381209840677,-0.760311812549502,-0.210047712929524,-1.2284021896283,-3.48048181262604,-1.39105058958044,-0.364912707640048,-1.47466472208617,-0.0312269085667446,-0.411642878340594,-0.740061667694619,14.7128863734155,-0.000117124539673472,0.185031504691419,0.0425085383370625
"22",22,-0.725969532227922,-0.177909817679017,-3.08183225827076,-0.449681183291708,0.478275803999686,0.389038792191637,12.3220837825484,-0.148665664652801,-0.238032004909785,0.0355302831786822,-0.269914342830688,0.316289784203219,0.5004540591235,-0.0472985758239555,0.529059149225603,-0.0418846269832591,0.901768974639325,0.284287905416755,-7.51139274275709,-0.000157452429815024,0.216880271974677,-3.16758754517053
"23",23,-0.446762646286605,-0.0941289907194039,-7.51490800973387,-0.725293093285485,-1.19908837089969,-0.712805798246509,-40.8448313167805,-0.361182278553856,-0.318371902779459,-0.432100116283069,0.379924961787751,-1.15007223549437,-2.20867522780975,-0.860716123991815,-1.74853544144587,-0.0353523771450933,-0.411642878340594,-0.362769610187406,12.2898450384314,-0.0000407420663115785,0.185031504691419,-7.49774059400616
"24",24,-1.37472455236575,-0.272246882495926,-7.77527662478935,-0.828705725211246,1.07038867683791,0.857777488704786,26.8740568392587,0.239632711759319,0.160957355236627,0.0106666877348765,0.777855408618166,1.54957443320715,1.45802435318466,0.0808636718762986,1.16012567489931,-0.0418846269832591,0.28649705617009,0.515195651626214,-7.51139274275709,-0.000179993191009045,0.216880271974677,-7.91920853974217
"25",25,0.693236148149798,0.138521267188171,4.18703255148771,0.486671348308949,-1.74336769969149,-1.0568819600037,-25.3632499568395,-0.333779316178813,-0.781612664724116,-0.0462265472319899,-0.72866563762828,-0.570188920497014,NA,NA,-1.37733056758657,-0.0222232198413939,-0.860053074180971,NA,NA,NA,0.152811555770828,4.29720224023672
"26",26,NA,NA,NA,NA,NA,NA,NA,NA,NA,NA,NA,NA,NA,NA,NA,NA,NA,NA,NA,NA,NA,NA
"27",27,0.133366459029635,0.0231109161951717,-1.24039410517955,-0.0287819490355708,-0.915708377141012,-0.737326626504982,-17.4123334799809,-0.579836380208526,-0.737237455913528,-0.434249908619952,-1.03459594254403,-1.26829269482835,-0.107691183529218,-0.0724042349613599,-0.123317294791677,-0.0348258212530067,1.46747416817518,-0.201363147789835,-16.0765724350966,-0.000186490290848379,0.187712133885557,-1.17417865704894
"28",28,0.551230564400692,0.108962059478753,2.71039661317489,0.320627389648555,0.689940969153095,0.335904256841752,12.4327948814175,0.496620961783383,0.578385772599869,0.499964253035601,0.964975344117001,-0.00345902205164746,-0.775413399285182,-0.199385550943059,-0.354781905539338,-0.0418846269832591,-0.2519969735195,0.371944484345264,-5.82490155229168,0.000152011566498575,0.216880271974677,2.80787114261655
"29",29,-1.22198238077199,-0.223956407801922,-7.42217803033826,-0.704500707235975,-1.24934228764764,-0.512727035414777,-22.6810513885551,-0.207167641441484,-0.116427911273145,-0.162526609438326,-0.863165576588999,-0.0108284461089465,-1.41272516803533,0.0845247399790424,-0.517984522927153,-0.0418846269832591,-0.395842380493951,-0.957346954705138,22.8607820143384,-0.00000802989905072018,0.216880271974677,-7.53446866688693
"30",30,NA,NA,NA,NA,NA,NA,NA,NA,NA,NA,NA,NA,NA,NA,NA,NA,NA,NA,NA,NA,NA,NA
"31",31,-1.05694107924974,-0.250532475014731,-4.85996561947286,-0.654321650765439,0.273660549014993,0.188988477642765,37.2303702322413,0.356316523409581,0.481259740976589,-0.146393894811344,0.710463177279756,1.24217708211327,0.601259541058924,-0.126048200255344,0.440787459990246,-0.0418846269832591,-0.912950507368968,-0.0711262241000996,-2.45191917136086,0.0000868114169168008,0.216880271974677,-4.98854095947071
"32",32,-1.17115974457605,-0.20635819692769,-6.31520993993762,-0.621561985389394,-1.21278863465188,-0.738120657081404,-24.15537180918,-0.365368354331604,-0.345594107904621,-0.168054785146333,-1.16758177027486,-0.439697975441074,0.123763947470407,0.41567002768005,0.0943779703607357,-0.0418846269832591,1.28752149111744,-0.823859715963484,4.29404559050078,-0.000202533952203176,0.216880271974677,-6.43112061333045
"33",33,-0.21781171103595,-0.0575546741430374,-1.64284799381428,-0.193221196786378,-1.51463448205369,-0.745725266219075,-22.3776633640104,-0.419719583668493,-0.479400000124527,-1.11761798682604,-0.89581459818348,-1.71810132328878,-0.818852860739276,-0.950054543433689,-0.685011039408523,-0.0376062944458405,-0.780674209115935,-0.250133581548004,12.2898450384314,0.0003425829698214,0.197138176330271,-1.64439818716893
"34",34,NA,NA,NA,NA,NA,NA,NA,NA,NA,NA,NA,NA,NA,NA,NA,NA,NA,NA,NA,NA,NA,NA
"35",35,NA,NA,NA,NA,NA,NA,NA,NA,NA,NA,NA,NA,NA,NA,NA,NA,NA,NA,NA,NA,NA,NA
"36",36,-1.2977860220544,-0.260184052181662,-8.17156056285447,-0.819516162142411,0.519797781674819,0.618798477045205,17.8077374081936,0.231694459589077,0.447807662565689,-0.161800036771882,0.457932017678362,1.88661334595357,1.58085975976037,0.770242026117511,1.40751389043482,-0.0418846269832591,1.47149574787195,0.395836484862159,0.921063209569964,-0.000202533952203176,0.216880271974677,-8.29448436349074
"37",37,0.667629925070029,0.128407024538935,4.18170819336112,0.376952940193121,-1.64763244925565,-0.942974336626783,-37.2101395505582,-0.497863522329903,-0.594580994199214,-1.18736982833357,-1.40917973694182,-2.98105109803713,-1.08797118958995,-0.0795795674494724,-0.946975110106253,-0.0410755527217162,-0.356801019029328,-1.0489333580934,15.9422244114451,-0.000173061620052918,0.21212262884206,4.27702488015946
"38",38,NA,NA,NA,NA,3.36045426509863,1.24845626136572,52.3192558276126,1.01135843796939,0.903373095187372,1.00948972632292,1.81547056195744,3.78519362774164,NA,NA,NA,-0.0418846269832591,-1.84451781723409,1.81088912071308,-2.45191917136086,0.000451811085989798,-1.71547644105266,NA
"39",39,0.553126103345923,0.103819044691186,4.72188118597379,0.40911797587584,-0.142067334433009,0.113254273323565,-11.9883876069425,-0.142401604778829,-0.0523056162429933,-0.368262176144164,-0.11160934388573,-0.825828049523221,-0.581379629234972,0.0254179175161342,0.392583948329269,-0.0418846269832591,0.475660839667579,-0.42144872450141,-2.45191917136086,-0.00000802989905072018,0.216880271974677,4.79102402246874
"40",40,0.577721871971871,0.112786655513647,1.70720351279657,0.148740672828961,-2.66079686501511,-0.933024479043679,-49.1054637695347,-0.95597723839146,-0.723911071831938,-0.529190010818598,-1.90331886487214,-3.02971724676388,-1.80342592594799,-0.714262579786583,-2.03459997049675,-0.0312269085667446,-0.411642878340594,-1.28423442857504,38.7570042010016,0.000337624711728411,0.22062385397386,1.81108618272894
"41",41,-0.779413762335235,-0.202503882112377,-5.42859253361538,-0.553371806876723,0.0373083297078673,0.0181158362612484,16.5920149138048,0.280372759084122,0.077351495777594,-0.111455148652369,0.574923582003373,0.667035673265975,1.00615950825055,0.649156605105395,0.682786377689032,-0.0403543056933704,0.260313429036158,-0.0714437632348779,4.51593624047051,-0.000202864260318617,0.205849823526914,-5.49057983016756
"42",42,-0.0221593420997281,-0.0117813966572516,-0.163401432676325,0.0576027968189965,-1.78067594534442,-1.39633294295126,-33.7304984823822,-0.457212525181329,-0.536426267449356,-0.802492570719087,-1.45056694874353,-1.97400871276875,-1.45790183599984,-0.83436122884209,-1.89823106932977,-0.0403543056933704,-0.201263423054973,-0.470087898947358,13.9736689924692,-0.000202707745887458,-0.263247732975659,-0.135005669537075
"43",43,-0.406574700572104,-0.125176628767646,-2.92284356382357,-0.442002644878787,-1.99736206804951,-0.982551340893134,-48.4283949233591,-0.358606967373232,-0.727447492760088,-0.641302902776895,-1.36349088095954,-0.993398818606242,-1.93850750712798,-0.711678167988803,-1.44171651195245,-0.0418846269832591,-1.04646114964343,-1.05412159471427,12.7265015428278,-0.000134911668620894,0.216880271974677,-2.95735305756763
"44",44,0.475873948641773,0.0954386416447834,0.666882545249812,0.11609343437473,-1.61435745916203,-1.06051122700946,-48.7710511281464,-0.643513268746785,-0.584993512163337,-0.392670381950024,-1.35024563410801,-0.354477725391489,-0.466237365158785,-0.12719044116863,-1.26123928600174,-0.0312269085667446,0.353858601156378,-1.01818144527976,8.62925970425845,-0.000200918220791232,0.198482493050664,0.769696162664655
"45",45,NA,NA,NA,NA,NA,NA,NA,NA,NA,NA,NA,NA,NA,NA,NA,NA,NA,NA,NA,NA,NA,NA
"46",46,-1.25651283683814,-0.262386357635878,-7.67268805996723,-0.815781607208923,-0.239979752111274,-0.0887707538267411,11.0637697817744,0.149727111234967,0.103467084829021,-0.311060922431785,0.12588591966359,0.338480388805047,0.154604603876716,0.0476453460720729,0.370257879073649,-0.0418846269832591,-1.02429640886131,-0.324345042495545,-4.13841036182627,-0.0000462752889455383,0.216880271974677,-7.79778619801544
"47",47,-0.877618722189551,-0.15576489945975,-5.63394756231623,-0.458354862453269,-0.0118976108455855,0.0139463495387264,21.313538333022,0.118118495432053,-0.00114775796440305,-0.0518577531735637,0.284251840224744,0.249390791166052,0.552487685352507,0.852733365891012,0.428159157562415,-0.0418846269832591,0.395290724592086,-0.0863703699501333,-2.45191917136086,-0.000157452429815024,0.216880271974677,-5.6975973016174
"48",48,0.681061565703476,0.139249727211483,3.16580966740484,0.363872861031393,-0.892576489853719,-0.579478060611059,-30.9519197933856,-0.0770234203148676,0.0435747369705036,0.0627329808486228,-0.614140628095265,-1.15146688760167,-0.358045528434486,0.321625233997145,-0.488773913334945,-0.0348258212530067,-0.780674209115935,0.255104896474995,8.62925970425845,-0.000117124539673472,0.198482493050664,3.28104254092332
"49",49,0.624771357250192,0.0983550431738726,2.20800157064873,0.287324853085149,-0.880483110324516,-0.35126810068186,-13.8758231417793,0.037402413678794,0.0352901634976357,-0.628956716936459,-0.354643938975389,-1.48976853709598,-0.548706435341097,-0.180454964642891,-0.384083652440028,-0.0403543056933704,0.807849521093059,-0.607409751754782,-1.80244307813862,-0.000141849907661253,0.223655588938654,2.32313120931373
"50",50,-0.446713156040827,-0.0938518399324555,-1.1718028365644,-0.241866345980126,-1.927088195634,-0.607273252773873,-44.2547933594177,-0.81437783417402,-0.541886550756086,-0.494164141357668,-0.973056352796489,-2.03974731567385,-2.08905372086353,-0.950054543433689,-0.283195793437598,-0.0376062944458405,1.62734135761867,-1.29990712948105,12.2898450384314,0.000132390643881677,0.197138176330271,-1.22490184004227
"51",51,NA,NA,NA,NA,NA,NA,NA,NA,NA,NA,NA,NA,NA,NA,NA,NA,NA,NA,NA,NA,NA,NA
"52",52,0.912496489526543,0.180364640279597,4.93809016382399,0.516120114043488,1.6720346433016,0.76401622259898,37.6050003870273,0.319725086805257,0.294311386770538,0.117108979016777,0.495337877921332,-0.531113993005625,1.12622967923582,0.377152682820733,0.873153340465545,0.271786292284976,-1.38290599297992,0.680545017856504,-15.7052469723696,0.000319235007279892,0.198482493050664,5.0741328299929
"53",53,NA,NA,NA,NA,NA,NA,NA,NA,NA,NA,NA,NA,NA,NA,NA,NA,NA,NA,NA,NA,NA,NA
"54",54,-0.642969375667766,-0.0872844769842049,-2.81682969221026,-0.281129705785358,0.145748151997299,0.275336076712021,-3.71540054591602,-0.174317816386339,-0.13151759935224,-0.0338885289154477,0.0310721226676024,0.0281808549060408,0.871666404658116,0.428938691989234,0.876511154565309,-0.0418846269832591,0.0338579807736419,0.20318416377029,-0.765427980895446,-0.000179993191009045,0.216880271974677,-2.8751183249233
"55",55,-0.942917894949798,-0.13797480537604,-5.4221358631891,-0.466293129415079,1.43256960819568,0.504758093204134,32.3276773341293,0.502965716547058,0.510830026691756,0.00681440709325152,0.540831350979265,-0.786143457273768,1.26851022740977,0.340562193529559,0.854010371951879,-0.0312269085667446,-0.0115369158767486,0.661829935854489,-15.1265462972462,0.000146970938889216,0.22062385397386,-5.50049073722056
"56",56,-0.476131133148957,-0.104103266884303,-1.60237597574231,-0.299396272909399,-2.19762848171587,-1.29379147431751,-52.2072719070183,-0.712015557220807,-0.652883298919325,-0.702171785198694,-1.62916441623419,-3.14001860653374,-1.25584665836694,-0.492249652597043,-1.25541416875361,-0.0399398241124042,-0.167920278949965,-1.16777407708681,15.8361725996694,-0.0000313236834023404,0.209869165372849,-1.65815187227069
"57",57,0.453798023071017,0.0955705905840108,1.2080670688274,0.24470724293195,-1.04938652946249,-0.712805798246509,-9.91722632199711,-0.0911984076566486,-0.273574989984641,0.0184950055013614,-0.602576516780346,-1.596420852912,-2.32387706111891,-1.0582874291364,-1.50546672209097,-0.0222232198413939,-0.0115369158767486,NA,-9.62162030321262,0.000431510000200549,0.198482493050664,1.30965770281663
"58",58,0.645237184503177,0.133251898755652,2.83907018343091,0.342344547822025,0.678742047255167,0.414062916854947,-21.8799790242341,0.202939855100777,-0.0630997007420597,0.268538387088428,-1.43831946646327,-1.24458936866508,-0.524289156290394,-0.236233845416569,-0.524982152621288,-0.0312269085667446,-0.0115369158767486,0.335895551515322,14.7128863734155,0.000431510000200549,0.198482493050664,2.95225027532976
"59",59,0.333987331011853,0.0328421650836885,1.82258826832409,0.0108717891296869,-0.999715412438595,-0.55201741189134,-21.2387724546022,-0.174362566951569,-0.4704596642603,-0.597308778786242,-0.762173647023694,-0.00366470080126428,0.0165839054950944,0.00355344133669953,-0.494893584386404,-0.0403543056933704,0.544401873752973,-0.608306214173963,13.6143943442021,-0.000196323650824457,0.213888507218784,1.86919226235637
"60",60,-0.498029380351301,-0.124977748339703,-2.82186690827749,-0.301912364548189,-1.86172770842165,-0.868913435607164,-24.5031003436218,-0.406889932648314,-0.394996259578147,-0.770281165202478,-0.802816922812864,-1.19268640623642,-1.11954330993915,-0.142921969210733,-0.755480906357662,-0.0410755527217162,1.81220504389186,-1.20334837164204,13.9736689924692,-0.000202707745887458,0.215834581784543,-2.85967410939609
"61",61,-0.578335320513411,-0.0723550715763422,NA,-0.230680036815179,-1.76178109921018,-1.55091884135685,-22.9868672893073,-0.297135318373629,-0.138964605662055,-0.8141083500518,-0.787795209314438,-1.89486579938146,NA,NA,-0.905603885590806,-0.0222232198413939,0.353858601156378,NA,NA,NA,0.176770761650034,-3.16988598033557
"62",62,0.23847059579122,0.0531371390078995,1.16510517838779,0.180644567541996,-1.84744260370509,-0.808921108684469,-41.5747889099048,-0.485344736201003,-0.783314643667434,-0.508866948152845,-1.04298777406253,-2.74981239338981,-2.30972469216454,-1.24319056088286,-1.55107432116747,-0.0403543056933704,1.75047029103929,-0.888925970022374,9.30644819919789,-0.000171652547926826,0.223655588938654,1.22512964549289
"63",63,-0.925536828688748,-0.21371493126714,-4.52888398067741,-0.629963636717754,0.0182347571637074,0.00421549567550721,38.4265189883163,0.273223936218438,0.464826595660544,-0.259010592103852,0.556541407014419,0.962046137904307,0.0637886119411684,-0.21267890590596,-0.0214494554579529,0.144851786984959,-1.23520701332955,0.11697025042874,-3.47617730931827,-0.000157231363202151,0.223264305931702,-4.63876945287235
"64",64,0.423491989858225,0.0841563287549242,1.61330261081981,0.181417012679071,-1.58296882403829,-1.23759306958994,-28.0796714063501,-0.57116958731706,-0.64545922244448,-0.500974747024987,-1.22693357471869,-0.902382731317244,-0.666401617240871,0.514963497293208,-0.417211893659401,-0.0418846269832591,1.46712525277474,-0.721996487010434,17.7859751142241,-0.000119207039920206,0.216880271974677,1.69613611781449
"65",65,-0.32871946937541,-0.12396811931824,-3.31595678587592,-0.300843109377579,-0.0777534430249453,0.112290997127724,7.76711737751026,-0.0070602423954157,-0.0135437600909154,-0.355079037411945,0.254066441783519,0.536779591540056,0.25883868233792,-0.255791851974659,0.39334845298245,-0.0418846269832591,0.195942691008279,-0.0649747713326006,5.98053678096619,-0.000157452429815024,0.216880271974677,-3.31708184285199
"66",66,0.0663997693346517,-0.0523816322499573,3.03661328538489,-0.0948420525146886,-1.60836870966799,-0.793960921337971,-26.9459709932037,-0.303123938237093,-0.317744478638061,-0.945798450402611,-0.791843244325678,-1.91859862311035,-1.64005917091976,-0.771862654026591,-0.663724701330538,-0.0389965906987465,0.774283690999597,-0.137392850099181,25.6189055406978,0.0000435078089865905,0.21188010830076,3.00480406392288
"67",67,-0.26363705487029,-0.025647328705851,-1.28587777375537,-0.0378232618029517,0.807291047750216,0.749501054001031,-1.782330972706,-0.162548898368171,0.00535692416499439,0.164943904055722,0.51648583010278,-0.283068797732415,1.07964949033647,1.04777421716042,1.41200248818765,-0.0418846269832591,0.703582941211564,0.330747360336518,-9.1978839332225,-0.000157452429815024,0.216880271974677,-1.28559631814996
"68",68,-1.10787253599859,-0.231752718488658,-6.62878434470531,-0.739721731453994,-0.0883770394818734,0.0618651281180917,32.4634444297385,0.156857188762752,-0.0365060824237235,-0.0314794885693183,0.59136011844362,0.591571779496522,-0.429842066343682,-0.312927104528502,0.0464534261015927,-0.0418846269832591,-0.551517763550523,-0.255715398537091,-7.51139274275709,0.0000684608807386968,0.216880271974677,-6.74073250089035
"69",69,-0.269309686801152,-0.0404043597281208,-1.81736395933265,-0.0970322927988954,0.167873280334945,0.403909290030717,-11.6675704556106,-0.281094075829288,-0.085648566838479,0.0963690162545812,-0.0682308643443128,-0.0171502122488169,0.556240792752692,1.03371868596731,1.24224413744768,-0.0403543056933704,1.41174286052083,0.433842622015233,-12.9113343554751,-0.000201455188192525,0.223655588938654,-1.81435010079071
"70",70,-0.252128201204835,-0.0351324930790121,4.11649386962263,0.0803936849956247,-0.751669087073528,-0.427573691871422,-16.1544367334331,-0.343841505500151,-0.401428112295714,-0.606721153638033,-1.08021194450517,-1.63922825988452,-0.649974347817818,0.321625233997145,-0.0292195705355427,-0.0312269085667446,-0.411642878340594,-1.01818144527976,20.7965130425724,0.000319235007279892,0.198482493050664,4.03043759921954
"71",71,-0.921596914125162,-0.177507040249695,-5.58952663656007,-0.58192234704743,1.5245052494718,1.00587845432178,18.9452142544271,0.319342028973388,0.300599209015273,0.380094119135375,1.21427747223064,1.42512314230933,0.781371186925113,0.696064628930242,0.887418649772214,-0.0403543056933704,-0.324529808941002,0.631544570136173,-17.131226584073,-0.0000627330502138521,0.214455871612337,-5.67360133004778
"72",72,-0.137352205127619,-0.0222160725122236,-2.19170618720394,-0.162126424580132,-0.861953885361349,-0.439704088481597,-21.3232506481275,-0.0323134572031816,-0.0690905441432888,0.122245575388297,-0.160719482568275,-1.31329095335413,-0.618807836451678,-0.102023559640942,-0.734615686128797,-0.0389965906987465,0.191647653139149,-0.36410779087214,2.52526192376135,-0.0000407420663115785,0.207436943346847,-2.1660739057892
"73",73,-0.745912277189635,-0.129511428389443,-5.588768341001,-0.551906407645942,-0.203549691556044,0.361115163412348,-11.1760270647442,0.0176731113646621,-0.282784957032117,0.696039131768937,-0.226190892192404,3.48290545966611,-0.307391010692484,0.052313509135681,-0.505872234484439,-0.0312269085667446,1.86912393470292,-0.417673126199785,14.7128863734155,-0.000117124539673472,0.198482493050664,-5.64002057529972
"74",74,0.610082121230843,0.120069706167203,3.16912123320079,0.399985343712762,-1.17145619695273,-0.636974943827583,1.99547983678695,0.0180475900256345,-0.0430514298654417,-0.129967791442113,-0.357930045548639,-2.50836433524448,-1.57085450286314,-0.808136052170421,-1.21091541480856,-0.0403543056933704,-0.168992212966647,-0.379395760984278,0.642999459665367,-0.00011329982509074,0.214455871612337,3.27564462382779
"75",75,-0.00397351296310861,0.037824409813913,3.57586187755126,0.310764220456292,-0.119395231107945,-0.427573691871422,21.5161744988415,-0.00491226844811924,-0.0857943933666674,0.0184950055013614,-0.177712628284451,-0.895442613554163,0.0749591696111677,-0.364912707640048,-0.193195866540754,-0.0312269085667446,0.692705854894376,0.0577757739301804,2.54563303510142,0.000128581234440697,0.198482493050664,3.56424182894562
"76",76,-0.931891891923122,-0.180195753855192,-4.17254452082823,-0.470778016729409,-1.10238901906238,-0.681312640806018,-18.5263044347776,-0.367186205999229,-0.226790498589117,-0.395908068679227,-1.06273490705586,-1.9654428558739,-0.193333485250094,-0.0551368272578269,-0.123346423012481,-0.0418846269832591,0.923103512538608,-0.408120646385499,7.66702797143161,-0.000179993191009045,0.216880271974677,-4.27377063971988
"77",77,NA,NA,NA,NA,3.25268923888832,1.27358164301136,32.7906229579033,0.566235781713714,0.789869627413094,1.64108572406874,1.69571858154434,4.9193311208633,NA,NA,NA,-0.0413023472773402,-1.6469979410876,1.84098670280756,-4.13841036182627,0.00045834998757086,-1.71547644105266,NA
"78",78,NA,NA,NA,NA,2.78251993708074,1.1735027953635,25.810115922135,0.687671880047297,0.725501395639045,1.33791711302113,1.58664955315681,4.184013855253,NA,NA,NA,-0.0418846269832591,-1.75285166804956,1.39265489908198,0.921063209569964,0.00045834998757086,-1.71547644105266,NA
"79",79,0.128318394197492,0.034138485451335,0.0215239834564783,0.0644633831457269,-0.74600125595767,-0.447970335875466,-26.2247572653981,-0.3156521197863,-0.450866844426127,-0.346776258027543,-0.733637862335685,-1.98154969343483,-0.962135924694879,0.400363806687234,-0.513936493755584,-0.0418846269832591,0.304736359430275,-0.273576160232774,-5.82490155229168,-0.000179993191009045,0.216880271974677,0.0729928409062855
"80",80,0.218776882177063,0.0513292049763242,0.0181618303809606,0.0413325450885982,-1.45667123841483,-1.13138204327396,-30.0312247806786,-0.290586612821632,-0.55113899114892,-0.229415831550455,-1.17079640924319,-2.96086009256058,-1.66178131995708,-0.933812818876749,-2.12926649779197,-0.0410755527217162,-0.0566963843881694,-0.980402621564532,0.283724811398317,-0.000166521010558758,-0.507753495410572,0.0826826306743377
"81",81,NA,NA,NA,NA,NA,NA,NA,NA,NA,NA,NA,NA,NA,NA,NA,NA,NA,NA,NA,NA,NA,NA
"82",82,-0.818818520416433,-0.142512104493881,-4.90108076577329,-0.492892418159692,0.812866431262439,0.474535280423792,-7.99414607704037,-0.247965414194917,-0.174449119968792,-0.728367334074592,-0.221827607494037,0.0536825651419783,2.22037777716339,1.38236994681908,2.14079831037987,-0.0418846269832591,-0.313260897306545,0.522606369559929,-12.5708663141533,0.000225962135601655,0.216880271974677,-4.97154726789386
"83",83,-0.399185328661547,-0.0694178552001742,-1.23248485175227,-0.166807337337627,1.38998631162281,0.890923610086391,37.9110480922887,0.45040916800027,0.397601538592185,0.762443598191438,1.18691308761895,0.113817193620944,0.225886210330211,0.0520272017978662,0.254860253119996,-0.0376062944458405,-0.460913783483956,0.707999768024286,-17.0039043055787,-0.000203277647860736,0.197138176330271,-1.26883956601836
"84",84,-0.860216321364818,-0.175614164801905,-5.03979346386719,-0.545958004339899,-1.8426302998018,-0.749672307907371,-25.2819196953391,-0.388387154828383,-0.43020298772235,-0.1733055212651,-0.903101001058146,0.21861323976857,-0.946390942812241,0.148702958363127,-0.386024691976804,-0.0418846269832591,1.01415486935717,-1.14427931033757,16.0994839237587,-0.000179993191009045,0.216880271974677,-5.12050830856093
"85",85,0.888767444216865,0.15573160810438,4.3511071006776,0.447122700338103,-1.08198293889892,-0.66363868835236,-34.0301787446724,-0.0220127230836984,-0.101121202776787,-0.00517724750084402,0.345552407709161,-2.34648532361471,-0.0190089014337761,-0.181447639209299,-0.420888854428177,-0.0389965906987465,-2.12855236981841,-0.486708765182592,1.99893169625633,0.000296171250643758,-1.49776889300772,4.48673564379037
"86",86,0.748854071014575,0.143994874238465,3.69698879480598,0.411170305709681,0.183842731973792,0.252698982386763,-3.38106841570121,0.151208028895135,0.29410478691663,0.327240142853688,0.435763261219917,0.456570732661945,-1.47129996337091,-1.06584993300083,-1.08867994736817,-0.0418846269832591,-0.301430921224423,0.0508610227610575,-5.82490155229168,0.000108580058440113,0.216880271974677,3.81813276592156
"87",87,-0.089944781785145,-0.00685647521618443,-0.0560741268749028,0.0480586573383166,0.342671749290617,0.213319686009827,1.45798760168086,0.49432687428746,0.738300447496395,-0.0462318697651648,1.1918640818608,1.1192790546464,-1.12908792187222,-0.857524098866948,-0.76874912715203,-0.0418846269832591,-0.623764482037937,-0.113065881394207,-0.765427980895446,0.000323576125897251,0.216880271974677,-0.0414122583284258
"88",88,-0.626452912810609,-0.10598842235495,-3.307665641316,-0.361070204694312,-0.524308684959641,-0.300276268181064,0.550883605992399,0.0138125863684396,0.0865038389918458,-0.0590457939541731,0.169714183426979,0.737680346038224,0.213776379599724,-0.167041905496165,0.327954068071861,-0.0418846269832591,-0.204467228884548,-0.277874327175276,0.921063209569964,-0.000157452429815024,0.216880271974677,-3.36246932819504
"89",89,NA,NA,NA,NA,NA,NA,NA,NA,NA,NA,NA,NA,NA,NA,NA,NA,NA,NA,NA,NA,NA,NA
"90",90,1.92863493506179,0.342094747195916,12.0474783546306,1.11235745315414,2.56625955760524,1.36220770685095,0.218812986126525,0.16086202469988,0.173708871342075,0.681452926477907,-0.170821006967241,3.12189452381287,-0.474763687304284,-0.447408060002214,-0.736843558598087,-0.0418846269832591,-2.04203769338059,1.37951320757659,7.66702797143161,0.000477966692313277,-0.990842673667406,12.2797556981104
"91",91,2.05326161921918,0.350855103223956,13.7267461131151,1.17051857169156,2.53893370514207,0.953195393600827,13.7609800192361,0.704935409533804,0.466282984295411,0.67097157287863,0.94229512312805,4.32689011478336,NA,NA,NA,-0.0418846269832591,-1.84451781723409,1.36973441375976,-2.45191917136086,0.000451811085989798,-1.23238726279582,13.9542324459504
"92",92,-0.0446407737579688,-0.0105588986072567,1.32476805069904,0.0778027553042235,-1.69525121005492,-1.11812303965428,-27.6924773290695,-0.364072038779254,-0.187710654212034,-0.510723593619055,-0.797598645665437,-2.88203533438379,-1.5949283604802,-0.58663311208116,-1.14966227207812,-0.0376062944458405,-0.780674209115935,-0.864652130238809,15.2170423431438,0.000288600751870074,0.210636782068692,1.32415252860196
"93",93,NA,NA,NA,NA,NA,NA,NA,NA,NA,NA,NA,NA,NA,NA,NA,NA,NA,NA,NA,NA,NA,NA
"94",94,-1.31167618115173,-0.237402843851689,-6.8733728179149,-0.690404216668947,1.04076282083768,0.709445917460084,21.6135146901682,0.360703354119631,0.312837956086533,0.0641671355735182,1.11900091649469,-0.0699132628079522,1.89571736608849,0.355868425764052,1.48625708466994,-0.0418846269832591,0.500207381040823,0.667822139374294,-5.82490155229168,-0.000112370907426982,0.216880271974677,-7.00935862849523
"95",95,-0.963454241603934,-0.181420476076297,-6.13603424325023,-0.573456577196552,-1.82703174682625,-1.27348511529306,-33.2142913185562,-0.382330093894398,-0.548989692682238,-0.356439873908579,-1.33139166383882,-0.364539298440933,-1.06958223781379,-0.142777719704563,-0.655505863147885,-0.0418846269832591,1.64590998278627,-1.17680693202868,4.29404559050078,-0.000202533952203176,0.216880271974677,-6.21617400651383
"96",96,0.259440305724133,0.0518552977605124,1.68623314550357,0.201896796146169,-1.05804174667234,-0.587858438533897,-7.44774854614682,0.131905632292277,-0.117786036948153,-0.25510123347701,-0.178465220613469,0.625901648338716,-0.0774354878640043,-0.00271583090898115,-0.0620023892243462,-0.0312269085667446,-0.860053074180971,-0.169960766697511,13.7291280589343,-0.000182968575351512,0.196919772051289,1.7420822911333
"97",97,0.805792564224984,0.157428867356406,4.51439520115426,0.478882553269777,-1.08254623733618,-0.685386048635507,-17.9258716528655,-0.0839131527345221,-0.174925288080531,-0.02077601033573,-0.178762567392333,-1.24159545212612,-1.34859909754582,0.0428507385728263,-0.766073579949339,-0.0403543056933704,-1.03195264156919,-0.701520146646249,0.419335177328685,-0.000112047267395807,0.223655588938654,4.63664756678835
"98",98,-0.295704831355801,-0.0241885708169943,-1.53387621016479,-0.0755299650669771,0.697818549158785,0.134729981886359,32.1043067611957,0.116982299854953,0.125366133355371,-0.404350980358134,0.114760458236512,-0.818440469240156,1.26851022740977,0.340562193529559,1.11741489412917,-0.0312269085667446,-0.860053074180971,0.71093801076082,-15.1265462972462,-0.0000987348352249532,0.22062385397386,-1.53780414927321
"99",99,NA,NA,NA,NA,NA,NA,NA,NA,NA,NA,NA,NA,NA,NA,NA,NA,NA,NA,NA,NA,NA,NA
"100",100,0.621352253053161,0.118784967359366,2.42938643512825,0.320922948152198,-0.589106690691493,-0.96987136606851,15.1533438611223,-0.113996588092611,0.135069207351558,-0.172791946935644,-0.403800245585821,-2.11741761934475,0.458068546082987,-0.236233845416569,-0.291566965159685,0.574799493136697,-1.38290599297992,0.276212031696208,-15.7052469723696,0.000128581234440697,0.198482493050664,2.54372755807636
"101",101,-0.760300045110111,-0.127323775445982,-4.54549684352136,-0.452104115954669,1.27460493304839,0.960300972467219,23.1959450481351,0.116340321788607,0.306903783268757,0.515023952049509,1.10350612332067,1.62279521081842,1.22976024268694,0.838905508874572,1.77049959745281,0.0901729425201482,1.29502955214364,0.734282019417524,-8.8147332923333,-0.000173061620052918,0.205849823526914,-4.60863735992487
"102",102,0.139543610261334,0.0445292242987477,0.859579209231646,0.138051485710141,-0.22170432083385,-0.233715661583442,-10.6181317094291,-0.0841423394734098,-0.208379935969617,-0.740921578782651,-0.44233500232182,-1.27841287941693,0.356883048425516,0.248655079766899,0.374393916386898,-0.0403543056933704,0.657570382622405,-0.406615048357208,-4.15983169953629,-0.0000861515954165499,0.213888507218784,0.904828319173405
"103",103,0.986692518873953,0.192329423796551,5.47650061003134,0.567419133737715,-1.35772822248408,-1.17700071258134,-30.8417770255406,-0.383088647493573,-0.58195066196903,0.0184950055013614,-1.78882628003639,-4.10808644393776,-1.39105058958044,-0.523361382419669,-1.94922610397192,-0.0312269085667446,-1.38290599297992,-0.446865947627735,14.7128863734155,0.0000250499848457188,0.198482493050664,5.61996248724279
"104",104,NA,NA,NA,NA,NA,NA,NA,NA,NA,NA,NA,NA,NA,NA,NA,NA,NA,NA,NA,NA,NA,NA
"105",105,0.642006271061414,0.126234332221983,3.4545068200428,0.373112328245031,-0.816831649045886,-0.634440217220981,-3.54848473272239,-0.0585549405760147,0.152691070159426,-0.232790039605937,-0.0803462128414877,-1.80600149806542,-0.643647122993665,-0.642967810550493,-0.884944921612175,0.0901729425201482,-1.20626807401592,-0.424149171981257,7.30833422606727,0.0000384004995395457,0.214455871612337,3.55858779372583
"106",106,-0.0696411911571505,0.000185238523331775,-1.41930849850311,-0.102590403377346,-0.159695992586216,-0.217338086265855,-24.698536624298,-0.0561489810922642,0.517218992761303,-0.290139126212426,-0.520657895353081,-1.11293067002942,0.120224398325874,0.396089642353147,0.428771673541871,-0.0312269085667446,0.353858601156378,-0.252545973274791,-2.95929295893223,-0.000182528516342713,0.22062385397386,-1.39050234170047
"107",107,NA,NA,NA,NA,NA,NA,NA,NA,NA,NA,NA,NA,NA,NA,NA,NA,NA,NA,NA,NA,NA,NA
"108",108,NA,NA,NA,NA,NA,NA,NA,NA,NA,NA,NA,NA,NA,NA,NA,NA,NA,NA,NA,NA,NA,NA
"109",109,NA,NA,NA,NA,NA,NA,NA,NA,NA,NA,NA,NA,NA,NA,NA,NA,NA,NA,NA,NA,NA,NA
"110",110,0.728080122711099,0.14338051370088,3.32851758233201,0.377979334821298,-2.07769862507345,-1.08082011828134,-9.9296626500893,-0.0572748166305365,0.0942110540022663,-0.498336962818695,-0.617476026192706,-4.99610916756655,-1.1484489320831,-1.0582874291364,-1.66416190939247,-0.0312269085667446,-1.38290599297992,-1.01818144527976,-296.421163277757,-0.000200918220791232,0.198482493050664,3.4498661532762
"111",111,NA,NA,NA,NA,NA,NA,NA,NA,NA,NA,NA,NA,NA,NA,NA,NA,NA,NA,NA,NA,NA,NA
"112",112,NA,NA,NA,NA,NA,NA,NA,NA,NA,NA,NA,NA,NA,NA,NA,NA,NA,NA,NA,NA,NA,NA
"113",113,NA,NA,NA,NA,NA,NA,NA,NA,NA,NA,NA,NA,NA,NA,NA,NA,NA,NA,NA,NA,NA,NA
"114",114,NA,NA,NA,NA,NA,NA,NA,NA,NA,NA,NA,NA,NA,NA,NA,NA,NA,NA,NA,NA,NA,NA
"115",115,-0.479012215624121,-0.0985339395032092,-2.53385990971485,-0.258336769632946,0.816972792350454,0.611376885734304,11.1821356042925,0.246587449351765,0.257375644585084,0.217732278005835,0.389690750774365,0.966508738216131,0.993773846369077,0.0063411445570485,0.926624483873407,-0.0418846269832591,0.724101955997876,0.385705797517128,-4.13841036182627,-0.000134911668620894,0.216880271974677,-2.56890188869902
"116",116,NA,NA,NA,NA,NA,NA,NA,NA,NA,NA,NA,NA,NA,NA,NA,NA,NA,NA,NA,NA,NA,NA
"117",117,NA,NA,NA,NA,NA,NA,NA,NA,NA,NA,NA,NA,NA,NA,NA,NA,NA,NA,NA,NA,NA,NA
"118",118,0.686472308724941,0.133689954947531,3.38637310200577,0.386804026344366,-0.867679253419848,-1.07257120217415,-8.00885181640398,-0.20077642984845,-0.26850576652327,-0.278458527804316,-0.968759487961643,-2.53735280440121,-0.466237365158785,-0.0321621781238541,-1.11437960350385,-0.0312269085667446,-1.38290599297992,0.125744975849209,8.62925970425845,0.000128581234440697,0.198482493050664,3.50045643845904
"119",119,-0.413999974552081,-0.133224543735707,-2.5051240419137,-0.37931736760044,-0.596944189175261,-0.267492958063398,-9.42614483807265,-0.0183864030159117,-0.28874712761424,0.0863985777507212,-0.18742047201683,-0.199986022997608,-0.765957630576979,-0.434231780577016,-0.242700655971865,-0.0418846269832591,1.1628605627422,-0.258917276465881,-5.82490155229168,-0.000119207039920206,0.216880271974677,-2.54276229202892
"120",120,0.556915780663322,0.106375877761826,2.4397452359014,0.342203677605403,-1.20171558084722,-0.81543438026552,-22.0819701811737,-0.19137289319255,-0.196868425939899,-0.471173163283213,-0.26036544894574,-2.79550830114084,-1.30532546571485,-0.476183305542667,-1.24685298545884,-0.0403543056933704,0.402357651394566,-0.727578172220797,5.08655597059997,-0.0000925356904795506,-0.740951337563656,2.54509703351513
"121",121,-0.441250333768866,-0.0618568632441934,-1.71724899503507,-0.0667425418438101,-0.224206749783657,-0.0539628393149963,-0.327247904276081,-0.0772996644188001,-0.381162648056908,0.380535355219605,-0.116555362206894,-2.1483246420401,0.21471959128931,-0.523361382419669,-0.139831492150491,-0.0312269085667446,-1.38290599297992,-0.0176768948676861,2.54563303510142,-0.000200918220791232,0.198482493050664,-1.74173171745255
"122",122,0.29767917356592,0.0461358439007131,1.15158924776358,0.111806371310634,-1.57799750818365,-0.982937145037766,-14.5602288318846,-0.507450341438932,-0.268651155330197,0.276181777889904,-1.61304448555821,-5.04354870580908,-1.56471814298443,-1.03935046960398,-2.03459997049675,-0.0312269085667446,-1.38290599297992,-0.493579542321551,21.3752137176958,-0.0000987348352249532,0.22062385397386,1.21467700178926
"123",123,NA,NA,NA,NA,NA,NA,NA,NA,NA,NA,NA,NA,NA,NA,NA,NA,NA,NA,NA,NA,NA,NA
"124",124,NA,NA,NA,NA,NA,NA,NA,NA,NA,NA,NA,NA,NA,NA,NA,NA,NA,NA,NA,NA,NA,NA
"125",125,NA,NA,NA,NA,NA,NA,NA,NA,NA,NA,NA,NA,NA,NA,NA,NA,NA,NA,NA,NA,NA,NA
"126",126,0.622607624127224,0.115272628619284,4.12155063896502,0.456888212026643,1.78209943366432,1.1225749115738,16.9691849160975,0.236352560388842,0.319889768858884,-0.36064659127308,0.580576140476495,2.15138013875124,2.20869607202148,0.82053566285622,1.43919878536522,0.366539042681393,-0.66031143197252,0.750873374399337,0.921063209569964,0.0000302154908439883,0.216880271974677,4.21790848942641
"127",127,0.953355447041991,0.172595225646714,5.50973031869748,0.56304308408687,2.48309580586593,1.41657168401119,78.4128828167471,0.662605725900069,0.760585288058271,0.299066154173559,1.62614132444825,2.12110949533038,2.54655056652942,1.28129404234634,2.32466745860516,0.675347183159545,-0.385507615793958,1.21515953547342,-5.82490155229168,0.000152011566498575,0.216880271974677,5.64615445316649
"128",128,1.32311016821484,0.246333912436216,7.54453829353735,0.752617904492645,2.10833635626262,1.36506139213182,26.9865729937003,0.369415294821346,0.755292445236107,0.673380427743997,1.11025261020589,2.79011005422282,2.11954127298378,0.87949059879714,1.86848903833853,0.0597232127869714,-0.949497457303551,0.897109769860597,9.35351916189701,0.000175447796592266,0.216880271974677,7.72395579769892
"129",129,-0.557541626032681,-0.102724101540678,-2.75936273229292,-0.247936539681473,-0.739148810502462,-0.208687661447151,-29.1552674588929,-0.151221736438132,-0.49049396926585,0.626007740943461,-0.761284670847738,3.5524068472349,-1.26143672855564,-1.15377172304638,-0.453033104931307,-0.0418846269832591,2.06352197490601,-0.663930167854667,11.0400103523624,-0.000157452429815024,0.216880271974677,-2.80213973362636
"130",130,-0.907840450548809,-0.162712183127203,-5.91208075651731,-0.508525475967294,-0.399930748918394,0.033529686192744,22.0045621466409,-0.12039676285956,-0.0285960517393385,-0.414147039111722,0.0718445154081738,0.535485845399281,0.33527601925534,0.431190299258777,0.769721576903484,-0.0418846269832591,1.27165423116419,-0.439733045728069,0.921063209569964,-0.000179993191009045,0.216880271974677,-5.98053362999128
"131",131,-1.29861684533179,-0.23440944524739,-7.73029247448586,-0.731871845299881,-0.082813717024205,0.0911882232633393,7.66651347113648,-0.212382457630889,-0.0810832149333171,-0.1733055212651,0.0349772611768911,0.499119664308983,0.492752947798796,0.365464306338487,0.623969553769223,-0.0418846269832591,0.913265739495365,0.127027760604095,-10.8843751236879,-0.000179993191009045,0.216880271974677,-7.85229430141239
"132",132,-0.884494520715426,-0.154666548077346,-5.07901681531071,-0.507701085142575,-0.698361136019232,-0.233913530006397,25.8194642455062,0.110985397656035,0.386282384799419,-0.343855883600545,0.366464966427963,-0.0684414048357481,0.220252047887226,-0.145264216126482,0.153086342498649,-0.0403543056933704,0.774283690999597,-0.32615067463506,-6.592955036866,-0.000202864260318617,0.205849823526914,-5.15865780187475
"133",133,-1.31059613979638,-0.221035658992424,-7.3442511908261,-0.657886619434061,0.23969077186293,0.135061239183763,-9.86588230770577,-0.000595031701861994,0.365115333897255,0.131206977385301,0.18383848983411,0.666542096289559,0.902239223799784,0.207462414982405,0.689700119106341,-0.0418846269832591,1.262094209324,-0.114917638159646,4.29404559050078,-0.000202533952203176,0.216880271974677,-7.46780822584719
"134",134,0.254706391889013,0.061631816841631,1.23631072668073,0.187400329400737,1.40990968381862,1.08281873946229,40.6707585454992,0.298879215423322,0.629947551259217,0.373154594603245,1.22111399884339,1.06526364692576,1.16011515301365,0.8450240129084,1.44021807962895,0.0597232127869714,1.81595372260338,0.699311006793201,-5.82490155229168,-0.0000913568113336897,0.216880271974677,1.29856592860959
"135",135,-0.257293862333875,-0.0376806602877724,-0.0447555634145457,0.0620546324869216,-0.79048691191095,-0.712805798246509,-5.12634090796551,0.0167242543850699,-0.106590227166339,-0.278458527804316,-0.549925240869539,-2.76388466257557,-0.718492488236738,-0.733199539318997,-1.50560399220125,-0.0312269085667446,-1.38290599297992,-0.336882471159458,-3.5379936340556,-0.000117124539673472,0.198482493050664,-0.0570565592846273
"136",136,0.896836400777155,0.172022476279986,4.74148617180861,0.502429923561508,0.890183530585141,0.907222010428441,17.9442605964547,0.0556027542581306,0.15488813709192,0.433520783182569,0.7652362699531,1.76616587500007,2.0525406209526,1.22072503560828,2.18925413406116,-0.0418846269832591,1.89722691380042,0.0815204541940815,-2.45191917136086,-0.000202533952203176,0.216880271974677,4.87703629698391
"137",137,1.26750575594602,0.251483875270824,7.3753034098183,0.771337414289565,2.73593376969922,1.58455646276948,50.9690507004127,0.51629344372408,0.801973944255451,0.945480553565659,1.4190732983504,2.89070251153889,2.0834113031797,0.316125043227968,1.9376165721957,0.364546732097663,0.294401594730283,1.4144167559614,-15.9438486950841,0.000152011566498575,0.216880271974677,7.55075160201563
"138",138,0.964527984063247,0.177369699039678,4.70779989325956,0.524205278994744,1.7830596486966,1.58366189618931,17.0797376989316,0.107308130084214,0.397219188064175,0.323217675728836,1.28279428542892,1.40034533391579,1.85912706312806,0.545197851249911,2.07363956415146,0.569754722221854,1.45756523093455,0.433222206801805,-12.5708663141533,-0.000157452429815024,0.216880271974677,4.85719739994211
"139",139,0.315998668168356,0.0650794109481341,1.51495146486424,0.201567320633395,2.21018317308525,1.51042924969146,56.4991389894292,0.513306444310476,0.995563743949335,0.852929410075675,1.74682165150254,2.74666270258877,2.06447563645595,1.54411188794055,2.25880159495984,0.0597232127869714,1.09723999624987,0.869809794015823,-10.8843751236879,0.0000963111093253228,0.216880271974677,1.58349450711948
"140",140,NA,NA,NA,NA,NA,NA,NA,NA,NA,NA,NA,NA,NA,NA,NA,NA,NA,NA,NA,NA,NA,NA
"141",141,1.82070998565017,0.323363100575917,11.2526811497422,0.990769161925049,2.05192689348411,1.41822036063618,13.3695786199896,-0.120829466260338,0.0192513037487036,0.567492896654684,0.289483100143878,1.13423641208661,2.01845630510568,2.01316650563864,1.51224658762296,-0.0403543056933704,-0.702099613148097,0.983587796234723,-8.24411356220384,0.0000752231399434041,0.214455871612337,11.4698498981934
"142",142,1.67745173064314,0.301229200396071,9.90142126742506,0.938061604664479,2.23720026585036,0.960503545795076,51.5979463156001,0.580993602405194,0.635564713394654,1.3855163504255,1.15373491203254,1.17353894189853,0.133077900359901,-0.614960505356635,-0.0930767785666684,-0.0418846269832591,-0.395842380493951,0.960710291588393,-0.765427980895446,0.000174675676921228,0.216880271974677,10.1144486631242
"143",143,NA,NA,NA,NA,NA,NA,NA,NA,NA,NA,NA,NA,NA,NA,NA,NA,NA,NA,NA,NA,NA,NA
"144",144,NA,NA,NA,NA,NA,NA,NA,NA,NA,NA,NA,NA,NA,NA,NA,NA,NA,NA,NA,NA,NA,NA
"145",145,NA,NA,NA,NA,NA,NA,NA,NA,NA,NA,NA,NA,NA,NA,NA,NA,NA,NA,NA,NA,NA,NA
"146",146,1.20909866162797,0.228279055128824,6.87269135651401,0.683117074757969,2.67545802485448,1.22673922160873,39.8273583707172,0.372394982426478,0.662635422529888,0.736392624752115,0.916809060884228,1.37172231641802,1.80698405399603,-0.00513157418773091,0.843874627861652,-0.0418846269832591,-1.53316705112095,1.35734738307785,-4.13841036182627,0.000380820822412249,0.216880271974677,7.03875426388076
"147",147,1.23851792416304,0.228284521866879,6.93592490769003,0.686621834773118,2.53922220270678,1.2952324336966,57.0532055744463,0.42952656441885,0.660156047933931,0.627045748817018,1.58401308325042,1.87461569335217,2.08399981534451,0.701660181506017,1.50347839825844,-0.0418846269832591,-1.02429640886131,1.26612150432675,-9.1978839332225,0.000174675676921228,0.216880271974677,7.1059357376667
"148",148,-0.359410097993531,-0.0561677084648597,-0.684445662967554,-0.0832270158924517,-2.01995458494944,-0.802451673742652,-46.839561000108,-0.425246373265238,-0.810053543610087,0.758515234148966,-1.48049059888351,1.56706706355131,-2.51429060336566,-1.22412897128745,-1.70455469213214,-0.0418846269832591,2.07370270326529,-1.43240699843203,24.858895987469,-0.000201455188192525,-0.507753495410572,-0.716018774992524
"149",149,-0.290411608260848,-0.0026483320090079,0.736633247724873,0.0513619678310702,-1.27610036261395,-1.35829096464276,-24.9303527175267,-0.135473769636689,-0.510341270801883,0.0268930213889535,-1.51013221620834,-0.9830035498224,-0.253790465772302,-0.678413333111727,-1.12383427874238,-0.0368904687055581,1.34261270465353,-0.479482925374978,8.25793424153147,0.0000394779147885713,-0.497891559959407,0.704649089615139
"150",150,-0.500287679446821,-0.122538988483174,-3.4101652441287,-0.401087592154619,-0.533282556957598,-0.0759674072065189,-33.7562210622603,-0.36240894849605,-0.602887123162401,1.0320430931132,-1.17921080894725,3.18142726191822,-1.21943506498208,-0.199385550943059,-0.299989685822276,-0.0418846269832591,2.17981537884297,-0.90989215930927,14.4129927332933,-0.000202533952203176,-0.145436611717948,-3.44694085446525
"151",151,-1.14906131024282,-0.152538932893962,-7.15910554762983,-0.543369361154674,1.01156615094861,1.12577379606554,30.8954787026513,0.0973693262467109,0.496153146628233,0.0170555720281386,1.02408317371968,1.91208633702312,1.18965196854679,0.859806952644286,1.85712904115482,-0.0376062944458405,0.381350157374271,-0.0529419716799913,-1.25592934196704,-0.000193859264951498,0.196305691158506,-7.24682232915704
"152",152,-0.750123997496274,-0.10886407664838,-3.23877187454538,-0.334353493200301,0.00594097398415245,0.0163005358220277,24.1132292039351,0.460910491755166,0.478420218104016,-0.302643797840299,1.27666778294738,0.633814246890194,0.294815811353564,-0.1658966052404,0.188140914757274,-0.0376062944458405,-0.711954735231655,0.0144408239000508,8.7073202666971,-0.000201429763725181,0.210636782068692,-3.31244312486388
"153",153,-0.377112565722017,-0.0807786917992614,-2.42798805800747,-0.229353121976838,-1.81001460502443,-0.857603760998306,4.13320796930706,-0.079953343320826,-0.296951361824901,-0.647694648604937,-0.420933016032749,-2.07903728667992,-2.02641350779304,-1.47606865375282,-1.45701637963202,-0.0410755527217162,0.160890952455825,-1.47648155131601,25.0825602698057,0.0000752231399434041,0.215834581784543,-2.44512868000468
"154",154,-0.537327993338256,-0.0877577221924686,-5.37396329598098,-0.363742630413585,-0.343984961502907,-0.190299449303024,-26.1419765170941,-0.0751406113706033,-0.245461510771094,-0.870113672831071,0.554612842596892,-4.03527144373482,0.21471959128931,-0.236233845416569,-0.71747784568409,-0.0368904687055581,1.39926101403367,-0.336882471159458,14.7128863734155,-0.000200918220791232,0.210201241130986,-5.3760570431001
"155",155,-1.36943078594762,-0.230660657711714,-7.52023551145515,-0.705032948895675,0.973965408493295,0.613083530002526,9.47814892264645,0.493300014731896,0.710112901024207,0.190518429706519,1.62159996653082,1.36473080376635,1.23208588810165,0.398693323834934,0.688587785370435,-0.0403543056933704,0.378543879090253,0.488967425843785,-4.15983169953629,-0.000166521010558758,0.213888507218784,-7.65490712951999
"156",156,-0.716841878675846,-0.105173362311735,-4.29467032288217,-0.327560610176096,0.61000428888356,0.594515932032478,20.8744694806026,0.194395297216235,0.239159108433536,0.575335319196029,0.722532423522915,0.370666473606975,1.24338881347689,0.539560241182261,1.11726371375986,-0.0418846269832591,1.81595372260338,0.321479509776049,-4.13841036182627,-0.000202533952203176,0.216880271974677,-4.34278698159492
"157",157,0.279314723035696,0.0672040344696783,0.997546604923792,0.169854378276802,1.96700497788184,1.38552200357006,47.4191414023691,0.387512652353861,0.686349871723246,0.57986893484109,1.05380874926771,1.40951869368573,2.66882090064631,0.869444110498267,2.32430386919374,-0.0413023472773402,1.45756523093455,1.16392555259582,-17.6303398855495,-0.000179993191009045,0.216880271974677,1.06667216442726
"158",158,1.32347779728811,0.248534734394379,7.89502813245384,0.794531533040771,2.71144077690242,1.31499419224419,29.9475627035395,0.211158694454411,0.553555932251645,0.922561062996137,1.07750807491725,1.07647534421297,3.10554717542323,1.71371193453735,2.21813297665923,0.262938892327433,-1.04646114964343,1.22750281424139,-5.82490155229168,0.000380820822412249,0.216880271974677,8.07214182091869
"159",159,1.52248549555879,0.271185276052834,8.99856922568172,0.840717665395159,1.41111488301169,0.857258058905521,19.8842205993989,0.193587055853058,0.344751694290675,0.562430038678304,0.048421831300971,2.51867932108709,-1.33850634756184,-0.752619936646144,-1.37536073700911,-0.0418846269832591,-0.385507615793958,0.541374324943908,5.98053678096619,0.000357157401219733,0.216880271974677,9.19281288249055
"160",160,0.786006961257162,0.157442838686044,4.43756484120202,0.460383749354699,1.45720502849156,1.21452497915057,15.8938004296822,0.0114304572534106,-0.1000571149074,0.92515047540082,0.471955671107984,3.41140100221605,0.0921660863252828,0.246213599274732,0.486102884448662,-0.0418846269832591,1.90097559251193,0.791559029812516,-2.45191917136086,-0.000179993191009045,0.216880271974677,4.55624957437409
"161",161,0.509340391447783,0.102159686902416,2.68190477551104,0.311374104617766,2.09956994542457,1.45790974267756,46.1710537465573,0.384610864745545,0.65251802338869,0.320183309597793,1.61234856328727,1.5539294558394,2.57843170271067,0.943296355784203,2.15891551575887,0.612281935374223,0.923103512538608,1.1093670138789,-8.24411356220384,-0.0000627330502138521,0.214455871612337,2.77201365558417
"162",162,NA,NA,NA,NA,NA,NA,NA,NA,NA,NA,NA,NA,NA,NA,NA,NA,NA,NA,NA,NA,NA,NA
"163",163,1.74712073851167,0.319318410250386,10.7818989922513,1.01367367232514,-0.0682152301550488,0.428606613782175,12.8116271527871,-0.228890977762158,-0.312458831943818,0.284528180057785,-0.0897539526960384,2.56778100372148,-0.684902436427612,0.0263286118555613,-0.136538741046923,-0.0403543056933704,-0.828698269808824,-0.646682821611926,13.7500047101325,0.000384835681261271,0.223655588938654,10.9978388448281
"164",164,NA,NA,NA,NA,0.678742047255167,0.303458342245829,-21.3612241261468,-0.106301605199167,0.0433939351418432,0.459825339525434,0.0772247067546171,-1.09778579263662,NA,NA,NA,-0.0312269085667446,-0.860053074180971,0.255104896474995,14.7128863734155,0.000407202097321376,-2.43304483876655,NA
"165",165,NA,NA,NA,NA,2.28069922704434,1.17748929301952,0.529267569327968,0.728635608611095,0.244418673594086,0.583733571671008,1.31817054952128,5.03425988596204,NA,NA,NA,-0.0393213890768729,-1.87066459367752,1.12638207598105,16.1954472479365,0.000446157091071884,-2.65176575591564,NA
"166",166,NA,NA,NA,NA,1.75882456524261,0.800548333280774,-5.76859280358351,0.65520612052962,0.113874761391997,0.548665926563594,0.707942766328495,3.22219226703578,NA,NA,NA,0.0901729425201482,-1.62711109016077,0.970648754963376,13.6143943442021,0.000452541186134885,-1.6969259111332,NA
"167",167,0.841462144030077,0.161424206288813,4.44085886346942,0.45814531169065,1.64839689967494,0.85829138850491,22.4123825408817,0.0948212083098117,0.520640357222117,0.287616509253143,0.713779928056375,0.936059948856195,2.90450087857778,1.58171987942641,2.14139910175433,0.0901729425201482,-0.702099613148096,1.10183567709891,-8.24411356220384,0.000112045780347263,0.214455871612337,4.56838909632956
"168",168,NA,NA,NA,NA,-2.01710199673801,-1.24726024607886,-65.577995707497,-0.64149674371004,-0.757271859906775,-1.20851080328814,-1.62177156257274,-0.678114108332938,NA,NA,-1.62898529679402,-0.0295400680130397,1.75047029103929,NA,16.0529889200218,-0.0000121662753372162,-2.58761026206459,NA
"169",169,-0.57544323675814,-0.126054539815443,-3.05064296070565,-0.362363502357175,-2.21132198220598,-1.06261560309292,-35.1631903198057,-0.660840982671078,-0.62023379198418,-1.32365927910452,-1.57613750103912,-0.35502976260622,-0.963884470352086,0.146681605427042,-0.888235291205715,-0.0418846269832591,1.54695759594031,-1.548690361286,14.4129927332933,-0.000179993191009045,0.216880271974677,-3.10262240112077
