"<phenotype>","Trait2","Trait3","Trait4","Trait5","Trait6","Trait7","Trait8","Trait9","Trait10","Trait11","Trait12","Trait16","Trait17","Trait18"
"CANE9233.US47.0011",1.7073666388151,32.063474401588,0.58508719430765,0.811030388470866,1.6839622883864,7.26526515239256,3.40234941541864,1.27421595932454,1.8551234060703,-0.0417051966119775,-1.74855022567775,-1.64867088292639,-0.379680129645197,0.000458607004126264
"DC.2010.001.A",-0.218300174763192,-10.2666470552824,-0.132539763983445,-0.1157492675539,-0.637090272558275,-2.29261968563701,-1.53754599370797,-1.03101569176229,-0.746587811940994,-0.0417051966119775,0.204605129252695,-1.07043850542306,1.00870967678643,3.02876441607048e-05
"DC.2010.001.E",0.0141164366404344,-11.2259804732261,0.0682967629869221,0.0477954297777305,-0.28883458087433,-0.893515860681052,-0.995401989151821,-0.545354280709909,-0.566308205191546,-0.0388573810198962,0.203031227343103,-0.358716034948484,2.06472678684922,-8.65091780132784e-05
"KY.2009.001.B20.e",0.907506241290705,30.2963084953561,0.359837722258173,0.521892559985876,-0.167690177843502,-2.27580906701389,0.147919122831993,0.0985059152197694,0.539313327785347,-0.037472089059555,0.196370482326922,-1.54967398918556,-4.34405652079388,0.000143113668346233
"KY.2009.001.C",-0.278838466403687,-12.2627828471429,-0.0597664609690655,-0.222067813161195,-0.257520086314972,-1.74817334781798,-1.37937870105141,-0.739570172895108,-0.903217679172423,-0.037472089059555,0.200176803529141,-0.489681566263447,0.887423510347087,0.00024039762046438
"KY.2009.001.D",-0.223201903229677,-11.5317698631911,-0.0312330560754374,-0.0641597882542514,-0.0433789999471267,1.62596678738011,1.0963324205077,0.829354344572597,0.727827573261059,-0.031148831340663,0.185607111458722,1.30780359196601,-3.82655059698627,-0.000186949058326911
"NC.2010.001.009",-0.0686144958406189,14.9094481591951,-0.119814116958349,0.13860630041075,-0.166914819174022,-3.14879540319184,-0.611994545840422,-0.364257221541186,0.292600476695482,0.575969761509997,0.189943926224566,-1.383522642933,-3.68100973464698,0.000129875830022644
"NC.2010.001.010",0.60205182654227,22.7272066814027,0.120431324529273,0.313206844352795,0.497867954437004,2.3988858913812,1.35663578043543,1.00399915121553,0.753050634255636,0.0903704451108734,0.200877943668316,1.292593750831,-1.15241777394353,-0.000172883228197256
"NC.2010.001.5.B18.a",0.35891680587555,32.2979204010599,0.122032944333159,0.130736875970747,-0.385973821300433,-1.36107528267839,0.722880186962849,0.464579579801019,0.760363888547466,-0.031148831340663,0.197223369959237,-0.861093560593421,-3.56260472449703,-9.94537257045073e-05
"NC.2010.001.5.C",-0.344696407906783,-18.2386378165467,-0.0859374091201501,-0.179038177011919,-0.00907986508160711,-1.79542982776014,-1.16288727437261,-0.708798514997757,-0.741059800604168,-0.0401917501562171,0.204990004912351,-1.03365479720678,-0.619927180594817,-0.000111976565482374
"NC.2010.001.B",-0.258896471352608,-7.93702421339376,0.139528059944567,-0.119925442151962,-0.244598101551711,0.944154904257636,-1.16073053042092,-0.481349137413519,-0.21040810928943,-0.031148831340663,0.191913788889462,-0.861093560148228,2.28596231527137,-0.000183411296194304
"NC.2010.001.B44.e",-0.421769377054629,-10.7325981851804,-0.0868129598560855,-0.216804793185479,-0.723395948040809,-1.70335311023034,-0.227392541046152,-0.278446300710727,-0.426162014753519,-0.0401917501562171,0.203454807678199,0.655335557797777,-1.15871006665953,-8.65091780132784e-05
"NC.2010.002.001",-1.38732618687024,-31.8921812433331,-0.398371564280589,-0.611336101467843,0.0222593916112358,-5.94421068101792,-1.43697185048364,-1.0309902497346,-0.489307282281311,-0.031148831340663,0.189943926224566,-1.383522642933,2.41343725683974,2.61782030164359e-05
"NC.2010.003.D",-0.0214793483660375,-3.77421862004413,-0.0610033130501336,0.152333203719934,-0.214399496101435,-2.70491234112888,-0.873954300917742,-0.421470384488076,-0.43600186671953,0.0903704451108734,0.202757492280127,-1.2079152715892,1.19693466832718,3.85534127883274e-05
"NC.2010.003.E",-0.328012939703641,-25.5146397576729,-0.0589112743129973,0.546184624013528,-0.26829476660686,-1.79930812128681,-0.185927014797626,-0.275920348643368,-0.2815093593029,-0.031148831340663,0.197223369959237,0.35183409221824,-0.734218019978987,-0.000183382065447323
"NC.2010.004.E",-0.537937846101913,-10.5908367183969,-0.0602388885915348,0.0953503503103316,-0.498221939539873,-7.14259761243221,-2.2404073575229,-1.15088117980831,-1.10710513149181,-0.031148831340663,0.189943926224566,-1.383522642933,3.36076090058752,-0.000200153139405041
"PA.2010.001.005",0.441443755175821,10.7536161983368,0.203721504912604,0.15208029205944,0.218929915840757,1.36691485184171,0.872127680561934,0.569758244067253,0.388755173990156,-0.0417051966119775,0.204605129252695,0.721856408667672,-0.791594151016864,-0.000134910815191894
"PA.2010.002.004",-0.151696207900159,-4.91471691049098,0.0263571849702725,-0.167346340852673,0.116528982307689,0.0746479033011233,-0.428095677619645,-0.176722548327152,-0.272129400162802,-0.0411217584644468,0.2041212827689,1.52024232464391,-1.71008658588612,-0.000119199405424385
"PA.2010.002.013",-0.245504505006829,-10.4090976642821,-0.0526593656474239,-0.0769208168525286,0.073220568910331,-3.34220339431978,-0.833748667344653,-0.58184323017706,-0.387996286048423,-0.0388573810198962,-0.375210772311001,0.400203289648755,0.662906155003317,-0.000150164099419884
"PA.2010.002.015",-0.331452754930706,-0.822250699625136,-0.0817004399144586,-0.404830239844537,0.376515254377337,-3.19537472016315,-0.199236875976421,-0.0133628598736935,-0.0251993160357535,-0.031148831340663,0.189943926224566,-1.383522642933,0.325342537188521,-0.000200153139405041
"PA.2010.002.B3.b",-0.0411586740487971,-15.1806179199901,-0.526377147851795,-0.28393084096698,0.29091739681249,-7.23029204972244,-1.74464168495654,-0.984563621161336,-0.542153471280616,-0.031148831340663,0.197223369959237,-1.38352264373763,3.47916591073747,-9.94537257045073e-05
"PA.2010.002.E",-0.584880630244288,-8.64251255980685,-0.209771178655516,-0.285657289208166,-0.273728852010161,-3.74977759824388,-0.908416730676985,-0.599443309287018,0.129891388877369,-0.031148831340663,0.189943926224566,-1.383522642933,1.40656113638951,0.000129875830022644
"PI230189.US56.0022.03",1.99460785597205,47.7658827229839,0.990796642789573,0.852832963679762,1.6903730190226,3.35912742740873,2.76147185385293,1.22101839372578,1.33022623566034,-0.0417051966119775,-1.74855022567775,-2.04361523564057,2.98273090456137,0.000452065279127726
"PI294602.US64.0004.02",1.79530437734376,25.1845928147631,0.711462886718011,0.74609725905077,1.25745791568314,6.29817099865834,3.11834538751828,1.20770840262114,1.61991609391873,-0.0417051966119775,-1.74855022567775,-1.75449904688891,-0.00979875559397432,0.000458607004126264
"PI294605.US64.0007.01",-0.149908538637338,-34.0985920979888,-0.0227675952026191,-0.10744311116563,-0.105168228703672,-3.42152040813873,-1.15769384099584,-0.570843702547201,-0.513489277275753,-0.0388573810198962,-1.53156811869896,-2.12990879165719,-3.82655059698627,0.000296259437948954
"PI295762",2.27138623029582,35.7248411226498,0.910035253710643,0.460993457479928,1.4830900074321,9.48953446898357,4.3252049431314,1.23332237682488,2.61712678091596,-0.0417051966119775,-2.72512790314297,-1.69050527083831,-2.35518494186264,0.000452065279127726
"PI295764.Gracillimus",1.84706657260367,49.8916239276911,1.06500871238142,0.880706120984745,0.972479692277013,5.67571259173285,3.11256764968822,1.21223839381712,1.68731390273083,-0.0417051966119775,-1.74855022567775,-1.84614305928348,-0.379680129645197,0.000452065279127726
"PI302423.US64.0016.03",1.17829702396021,13.2826286602148,0.729418222658867,0.47762199468563,0.646187658831812,7.78157927127129,2.99971685521252,1.20285530017158,1.0666681721308,-0.0417051966119775,-1.26026138694514,-1.84614305928348,-0.749561503696424,0.000452065279127726
"PI423566.M75.062",0.630193090395148,-0.0831057373835313,0.16536185518326,0.175016612299764,0.653965671345974,4.64525200868493,2.64194698801242,1.29747548545802,1.40763273747699,-0.0417051966119775,-1.01611696757883,-2.04361523564057,1.28282590037459,0.000478232179121987
"PMS.009",0.394466128785228,16.4676639146919,0.243662075080081,0.325400374926841,-0.343123269716519,3.15436912091533,1.85663785293396,1.11732994276208,0.763134603276033,0.364730601969174,0.204605129252695,-0.662222652305658,-0.791594151016864,3.02876441607048e-05
"PMS.014",1.75099901605799,70.6229042199494,0.685142132400973,0.780137829061306,0.266593301625927,3.10801072974771,2.74928402350404,1.43034651504613,1.23913301883173,0.675534447942995,0.204605129252695,-0.387485199494746,-1.57338954643975,0.000152136309871052
"PMS.038",1.34147511232062,26.3575749747962,0.380932162348929,0.775084420705476,0.648854234651992,4.13061100048197,2.18752813996054,1.3516935167281,0.913060012155557,0.0599037530333103,0.204605129252695,-0.951338841057324,2.98273090456137,0.000175582659442238
"PMS.087",0.823013663034061,30.7229391626281,0.100472095435583,0.512425195118217,0.372192768831053,2.84791935095455,1.08181855031704,0.81447096733168,-0.0594602972562117,-0.037472089059555,0.197400496473627,0.379230685931502,-0.463070850358896,-0.000194183968167747
"PMS.130",-0.449445400135905,3.81238202017674,-0.0829957651063896,-0.30821412156942,-0.619467037025878,-3.06285508662695,-1.94291132994218,-1.03077011608952,-1.52280939101594,-0.0409117852909931,0.204459290519541,0.158781416988238,4.42203323906116,7.53970779907577e-05
"PMS.131",-0.776759369375591,-26.4514068647891,-0.0775318849249186,-0.329856048674143,-0.862274491072246,-5.52186791157576,-0.325107822614792,-0.330594173263582,-0.370375526552568,-0.0367816737001204,0.201636220867507,1.39679235066939,2.41343725683974,-0.000200153139405041
"PMS.134",0.00142793559269377,21.4289043124812,-0.123857178917548,-0.0316219460667513,-0.394027852445625,0.726497522796809,-0.420757372674857,-0.283465611576976,-0.457506494920862,-0.0417051966119775,0.204605129252695,1.26927645345433,-0.0938994321703954,-0.000180011803229888
"PMS.144",-0.0930774996956585,7.27663119995484,-0.218558479415673,-0.0858299695513253,-0.157789093200452,0.671854032645694,-0.0739341667140434,0.0167681679276233,0.123551629209041,-0.0417051966119775,0.204605129252695,0.9109745103188,-1.11944287774765,-0.000180011803229778
"PMS.159",0.337471216770421,25.3273077094508,0.114221471244043,0.394671884175645,-0.329257951759564,-0.129399415164555,-0.581261003702914,-0.238517632387028,-0.342122576735772,-0.0401917501562171,0.200877943668316,0.772012069358831,-1.15241777394353,-0.000202702885018499
"PMS.161",1.35610144346809,34.4906421654287,0.517921580499091,0.731308751121443,0.235614623032977,1.95818701338413,1.0296079098239,0.66975866878508,0.498760367854288,-0.0401917501562171,0.203454807678199,0.376397025161244,-1.15871006665953,-0.000166924482063682
"PMS.164",0.601174117675711,20.3214687521996,0.200026225534368,0.242050686860425,0.556978862580721,0.481157062392875,0.652865366217971,0.481250806593856,0.32290869015128,-0.0417051966119775,0.204605129252695,1.81344450004037,-2.1559078728682,-0.00020256229724883
"PMS.178",0.259473333126168,-10.0435885418385,-0.000704979619283843,0.37236244614742,0.134736062287917,0.919378631732995,-0.0197521798615519,0.0490630402259467,-0.212609038186761,-0.0417051966119775,0.204605129252695,1.2597187402984,-0.791594151016864,-0.00020256229724883
"PMS.183",1.1408630077461,39.8528025563811,0.308177922627059,0.645144949233596,0.336154864470496,1.51687036366085,1.47001700382133,0.979324438088823,0.710271504306979,0.0599037530333103,0.204605129252695,1.81344450004037,-0.749561503696424,-9.13371514499722e-05
"PMS.204",1.40763956768518,40.2956846596037,0.399652408493913,0.70353338482152,0.561961884145826,2.05305661556627,2.18489745476724,1.45201883704463,1.22543562654152,-0.0409117852909931,0.205420336035822,1.45514255690484,-4.67189836419365,-0.000180011803229888
"PMS.272",-0.228516443529657,-5.70385338178723,0.0173036155408609,-0.11537751742322,-0.273728852010161,-4.0674263814397,-0.81328514030007,-0.604148317050573,-0.370375526552568,-0.031148831340663,0.189943926224566,-1.383522642933,-0.852623030128941,-0.000116224799662225
"PMS.285",0.636736227752922,17.4254128427292,0.0567849788309348,0.155863910115166,0.424961444796591,2.56834247830014,0.801385525810925,0.644797648962733,0.0768963386501696,-0.0417051966119775,0.204605129252695,1.89469806428047,-0.749561503696424,-0.00020256229724883
"PMS.293",1.93593688323709,49.9978425822244,0.62609606651455,0.937104122095375,0.900320696451028,4.2859357592334,2.80919494206437,1.52642161006171,1.44341677568741,0.364730601969174,0.204605129252695,0.292259817294729,-4.19569851395381,0.000152136309871052
"PMS.303",1.53268888724756,45.4920787764072,0.396663459636678,0.668879558262507,0.314054337837188,2.23233085241267,2.18532153812398,1.50841231978176,1.1477533822416,0.612619226179235,0.202757492280127,0.920784971120924,-2.20372391827098,-6.26378816701189e-05
"PMS.306",1.0410808729466,16.5707775685852,0.11034453108719,0.405434876068103,0.319279104498493,2.03954936366805,2.52430910270055,1.57643100093748,1.16738902802296,0.567948501259749,0.204605129252695,1.45514255690484,-4.67189836419365,-0.000157461309210946
"PMS.314",1.73281562031083,55.4655334904164,0.529995788984536,1.02401302180237,0.814472701189432,4.06857791072223,2.30183800333261,1.43936744511538,0.885071357019339,0.0599037530333103,0.204605129252695,1.09490433846453,-3.71949866371398,9.64118019217878e-05
"PMS.347",0.402854537996154,13.0059556097972,-0.125578649971035,0.0144910694071938,0.551123429561593,1.61261430987291,2.13634710002799,1.34463150194925,1.0178535494319,-0.0401917501562171,0.202757492280127,-0.703905763904975,-2.25821740719096,7.53970779907577e-05
"PMS.359",-0.153693560202713,12.2477796062558,-0.234560770893064,-0.320567574795929,0.245166425041179,3.83053139846503,-0.0831179399606624,-0.0517246876983853,-0.684425966437376,-0.0401917501562171,0.204990004912351,-0.830464507061947,2.53386130257526,0.000385190090800507
"PMS.375",0.0641899447618004,-22.2202538456984,-0.11177541092822,0.0433229041508746,0.452137063692993,-1.66829107888764,0.755848631361842,0.402961979850027,0.269776060420672,-0.031148831340663,-2.5474413449139,-0.861093559788797,2.41343725683974,0.000408944443877891
"PMS.381",1.11885120361338,0.261425347796105,0.754769517982848,0.247063567243114,0.563670210148131,7.6959044206377,2.48775795666001,1.23272199486494,1.16532586968199,-0.0391586489974321,-2.70427902458352,-1.87210232169813,2.93639354663215,0.000446542823045473
"PMS.397",1.34327004143271,50.6282742141281,0.600483104463536,0.651368467552986,1.29856637851745,1.70127831383614,2.82916211329602,1.10487261481188,1.19975982088395,-0.0417051966119775,0.204605129252695,-0.397817468415026,0.985366126725523,0.000174810206379493
"PMS.425",0.937945094369044,21.9635554027069,0.0969236893351737,0.531807015580257,0.283519639652515,1.3137682088607,1.71541448055513,1.03434764186547,1.13997531359975,0.0903704451108734,0.202757492280127,-0.703905763904975,-2.20372391827098,0.00011224074319344
"PMS.436",-1.69236824470045,-66.3209428188867,-0.663770118110228,-0.78858558802902,-1.22432474552801,-1.06016115127228,-2.18827905709599,-1.21526552687761,NA,-0.0331092028412545,-2.61860750726933,1.74789089914472,2.86145869146365,-1.20422344408327e-05
"PMS.438",-1.58674726731283,-35.0736380435761,-0.675895465498992,-0.635204400522288,-1.33278000290049,-0.559023211646256,-2.39314852377053,-1.18342199834223,-1.59443877802686,-0.0417051966119775,0.204605129252695,1.54451333422501,2.66657164382881,-0.000180011803229888
"UI10.00012.Cabaret",0.277077806695338,-3.65169142292398,0.156628794443415,0.29896460446121,0.318879272742362,0.622985704490292,0.188372780092767,0.213360132579734,0.0454634810560588,-0.0417051966119775,0.204605129252695,-0.303428808910323,-0.452091340223395,0.00010868604861852
"UI10.00015.Cosmopolitan",1.02363442657495,1.14648830744438,0.510849935250613,0.757906724777758,-0.00510772369676805,1.60073586617852,0.373880305850259,0.117224325316919,-0.12259870383514,-0.0417051966119775,0.204605129252695,-0.62568452822622,-0.379680129645197,0.000323774948747922
"UI10.00017.condensatus",0.116579921123953,0.230825255044865,0.0146065622041908,0.0863544173555365,-0.0521175890867027,1.05526053290533,-0.594461030499012,-0.172964539587122,-0.291564668447358,-0.0417051966119775,0.204605129252695,-0.206488532683269,-0.368383879576306,-0.000157461309210946
"UI10.00020.Adagio",-1.44493317906404,-42.5758945144843,-0.687202070239524,-0.676121083545262,-1.13564869077787,-1.52331079090361,-1.87125807673879,-1.03973585535565,-2.2120153959803,-0.0388573810198962,0.202615415127908,-1.62831874902107,6.05486987543359,0.000146646903980362
"UI10.00021.Allegro",-0.516117666620401,-7.84110251378878,-0.247327032121382,-0.238790074386284,-0.375175268524282,-0.16372037508241,0.0336061086585259,0.185351452057596,0.216295893241772,-0.0426692393645616,0.205515804759052,0.115968749945219,-4.5065255026388,-0.00020256229724883
"UI10.00022.Altweibersommer",0.261421673521566,44.3121675418678,0.143505975624959,-0.342480199909148,0.58793868383619,3.58366364577001,1.19519566289121,0.85424362261554,0.785535883732539,-0.0401917501562171,0.200877943668316,0.920784971294074,-1.20691126286351,-0.000202702885018499
"UI10.00023.Andante",0.0308761051615918,4.35895116036107,0.0111361127064975,-0.126321185362215,-0.35317989094805,-1.25789546787412,-1.60432184891674,-0.748913959964923,-0.663383073371489,-0.0417051966119775,0.204605129252695,-0.914800716977886,0.29932549194174,-6.87866574309203e-05
"UI10.00024.Arabesque",-0.479621385352324,-4.50774572036783,-0.219931469808629,-0.312980273546848,-0.58691607599599,0.663627679129749,-0.441951061766337,-0.21145615490729,-0.47203553919979,-0.037472089059555,0.199668157382208,-0.964504845005859,-1.38981122424878,9.05987601631e-05
"UI10.00025.Autumn.Light",-0.435542925705769,-12.1974717716287,-0.362656011287212,-0.222226576693124,-0.347544264931391,-1.85809844238781,-0.84845941795245,-0.289343076981986,-0.606122355158455,-0.037472089059555,0.196370482326922,1.27888524784224,0.818911499292135,3.43740775350068e-05
"UI10.00026.Ben.Graz",-0.841216037939567,-10.0936571255365,-0.255446061325385,-0.431249402385507,-0.513479069032854,-3.42580744231218,-1.80193848809203,-0.935329317285689,-1.16002283748752,-0.0417051966119775,0.204605129252695,-0.62568452822622,0.931644013406859,-0.000180011803229778
"UI10.00027.Ben.Rotkopf",0.823498130750182,2.05300545091604,0.298077953549445,0.268590656448759,0.285483311409189,-2.27204730992669,0.469104876711158,0.391105242336204,0.480256846627839,0.272410465084667,0.189943926224566,-1.383522642933,-0.852623030128941,-0.000116224799662225
"UI10.00028.Berlin",-0.737795467440921,-18.5081455734813,-0.246104318989057,-0.178272876384786,-0.0316324750445334,-3.57368514149556,-0.747762563331852,-0.421849757100752,0.272725715855222,-0.0367816737001204,0.203539381471943,-0.0342819925657303,-2.04604545415493,-0.000183382065447323
"UI10.00029.Bitsy.Ben",-1.35039526204273,-25.400175266319,-0.687262334692983,-0.822714643400212,-0.208630662814755,-4.96188635013178,-1.8207084821477,-1.01540361505269,-0.806357469086098,-0.031148831340663,0.187775518841644,-0.413046854452258,2.41343725683974,-0.000116224799662225
"UI10.00030.Blondo",-0.174774363752926,11.8773700015138,-0.153099741490201,-0.246617021209247,0.0460296981351287,0.409595701683759,0.510452251009095,0.402966746080353,0.284778876619807,-0.0417051966119775,0.204605129252695,0.899480521858094,-3.30758464234231,-0.000157461309210946
"UI10.00031.Bluetenwunder",-1.8301207842752,-60.4981668957187,-0.514313781730682,-0.649177916330391,-0.711147122184072,-2.23380924214228,-1.25858031830278,-0.746423876395225,-0.398368848770164,-0.0352206806058429,0.192700408230678,-0.413046854754564,2.12613025967788,-4.02893679486492e-05
"UI10.00032.Bodacious.Ben",0.70399153683967,26.2436972922307,0.247168916343203,0.162240392553943,0.0228028079165633,2.24180472415714,1.13361889483329,0.810516009510891,0.521511587069262,-0.0417051966119775,0.204605129252695,0.284357187630146,-2.76709896323431,-0.000180011803229888
"UI10.00033.Border.Bandit",-0.812486388476748,-26.3973492590778,-0.355195859170208,-0.845105314915314,-0.040623751472943,-0.890693418441226,-1.90044839127302,-1.06206027593378,NA,-0.0222230367229027,0.174586509522334,-0.861093559486491,NA,NA
"UI10.00036.Dixieland",-1.18578655734904,-17.567486836663,-0.599395381056307,-0.76772812249952,-0.427033456120623,-1.8631258965382,-0.892057350226609,-0.581193673466261,-0.198172624230443,-0.0347310529382644,0.194814714647748,1.46486161212759,-3.82655059698627,-0.000186949058326911
"UI10.00038.Emerald.Shadow",1.04348588557007,11.9806948917937,0.512876481552016,0.591904255523779,0.485986695290978,0.00659300394265678,0.966603532015654,0.509324513495654,0.374646712840636,-0.0417051966119775,0.204605129252695,-0.254006799188254,-0.982013303781894,0.000152136309871052
"UI10.00039.Emmanuel.LePage",-0.671062632297164,-22.7386732857679,-0.213842471797141,-0.124191801615324,-0.148605924507591,-0.0388418700173865,-0.917630367322373,-0.545388946783244,-0.6174097561271,-0.0409117852909931,0.204459290519541,-0.397817468415026,2.99285575947647,-7.97425962563663e-06
"UI10.00042.Giraffe",-1.11213849229359,-24.1776867336549,-0.375028023852555,-0.35622449228669,-0.151658962051024,-0.707317617378535,-1.28660190248926,-0.790233374514363,-0.851323286663594,-0.0417051966119775,0.204605129252695,1.28513988156558,2.03425312236369,-0.00020256229724883
"UI10.00043.Gold.and.Silver",-0.971505548133819,-22.5350093560661,-0.434124615473777,-0.502538686634773,-1.14390229269648,-2.54010020472254,-1.60200065789051,-0.942741594894942,-1.23465167988179,-0.037472089059555,0.196370482326922,-0.782266138087975,2.12613025967788,0.000343358650670238
"UI10.00047.Goliath",0.295925539359101,17.2943930828976,0.238467630046336,0.457482084112791,-0.144144049454906,2.75287690732686,0.564216769078294,0.466519430272956,0.399141421802431,-0.0417051966119775,0.204605129252695,1.46906970971131,-0.379680129645197,-0.00020256229724883
"UI10.00048.Gracillimus",-0.137617066648599,-9.60278853314492,-0.116683703373243,-0.0216222206879638,-0.310274706497372,-1.07716029798864,-0.0157761007761466,-0.0234439810963478,-0.43876092664188,-0.042141265933013,0.205735636566187,0.62698233416595,-2.1559078728682,-7.97425962563663e-06
"UI10.00051.Gracillimus.Nana",-1.33671480557925,-37.1506824769848,-0.510394407669096,-0.61126036793621,-1.22283613232832,-4.23661547931113,-1.76368673458467,-0.99989240723508,-1.08858412656498,-0.0409117852909931,0.203650187923686,-0.358716034948484,4.0413991661707,-0.000172883228197256
"UI10.00052.Graziella",-2.00246676369026,-50.388150184041,-0.985826428160455,-0.757689140715629,-0.517758237693833,-4.506513283592,-2.98368778909621,-1.26901010266553,-1.39713620884446,-0.031148831340663,0.197223369959237,-0.413046855559188,5.93959924790838,0.000337607062392125
"UI10.00053.Grosse.Fontaine",0.0919950854303469,16.1846564518919,0.289366569510274,0.0759760453930018,-0.101728772447541,0.963337590880836,0.0650531235678072,0.0235645548472417,-0.0790712887244569,-0.0401917501562171,0.200877943668316,0.25820385087045,1.60663893658002,-0.000202702885018499
"UI10.00056.Huron.Blush",-1.5305950956501,-48.2144837040933,-0.368251646439502,-0.74283085971091,-0.629253894888848,-1.5025681016612,-2.15068448361105,-1.09153115591755,-1.0873938367629,-0.0417051966119775,0.204605129252695,-1.04827911728438,2.35041238309625,-0.000134910815191894
"UI10.00057.Huron.Sentinel",-1.7030364140613,-50.1563087361941,-0.668492077175784,-0.617881725069801,-0.391407906703735,-0.566739864568128,-1.7199284970422,-1.15376194814312,-1.10710513149181,-0.031148831340663,0.189943926224566,0.351834093022863,1.40656113638951,-0.000200153139405041
"UI10.00060.July",-0.0443625565354939,10.6366784236574,0.154138167050001,0.103026836972509,-0.296567597993381,0.47425112825616,-0.239018120588508,-0.147257321788662,-0.339207671226108,-0.0417051966119775,0.204605129252695,-1.02611972914569,-1.53135689911931,-4.62361634119781e-05
"UI10.00061.Kaskade",0.171650135655699,20.7467752137446,0.121937110224666,-0.00397688595953828,-0.0386827082539449,0.316859145128439,-0.0181829596558312,0.0989402051046268,-0.0952297615422406,-0.0417051966119775,0.204605129252695,0.393124583075603,0.29932549194174,-0.000157461309210726
"UI10.00062.Kirk.Alexander",-0.37689831811388,-31.4341228717556,-0.0812119806860193,0.0393561803544431,0.0547303430464685,-1.71873309724392,-0.916074995396021,-0.464319709248741,0.269776060420672,-0.0347310529382644,0.189943926224566,-0.782266138087975,1.40656113638951,-0.000116224799662225
"UI10.00063.Kleine.Fontaine",-0.395762673554978,-14.2153500351805,0.0346318181086782,-0.0210504841458449,-0.611915338713139,-2.22974340561196,-0.954187671400982,-0.477924260222734,-0.643866283336162,-0.0401917501562171,0.204990004912351,0.80556731645668,-1.06045682846311,-0.000141796222303365
"UI10.00064.Kleine.Silberspinne",-1.78848097829226,-52.8574125744815,-0.879947928962451,-0.626824500611371,-0.624587099928679,-3.19497710720858,-2.44773485914002,-1.19678962259356,-1.46125531294246,-0.0391586489974321,0.19774275334818,1.62465622437869,2.47830569636294,0.000166247673386761
"UI10.00066.Little.Nickey",0.794100747957722,37.7034317501471,0.333946767538395,0.307727788345588,0.120401659428345,-0.827358497329271,1.77745156670513,1.04232931709866,0.729830081425782,0.272410465084667,0.189943926224566,-1.383522642933,-3.68100973464698,0.000320835988434407
"UI10.00070.Minuette",-0.189347701361577,-3.96844562693571,-0.179176437707588,-0.137756693938439,-0.0243229990149316,-0.0156006786457213,0.23313402148015,0.27842569523279,0.201629181978798,-0.0417051966119775,0.204605129252695,0.0317791229579175,0.275981941880831,-0.000180011803229778
"UI10.00071.Morning.Light",1.00040104295857,32.5238290188995,0.527642120876459,0.539731523443148,0.0276934770145371,-1.31875650278858,1.48485864902769,0.868211179233214,0.707260370122559,-0.031148831340663,0.197223369959237,-0.0132652274663893,-3.56260472449703,0.000146646903980362
"UI10.00072.Mt.Washington",-1.62706460972693,-52.0887731988347,-0.729586291884442,-0.671024393297019,-0.728596479764432,-4.53628595947505,-2.37917966674504,-1.31217130577114,-1.22636862517058,-0.0397957223010548,0.203675228675746,-0.169950408603831,2.88450009497967,-3.1511437186311e-05
"UI10.00073.Mysterious.Maiden",-0.525244323731972,-10.0812341569257,-0.0561387339609756,-0.308449390730977,0.117069671083949,-2.41028420556827,-1.10574036667786,-0.755245914600684,NA,-0.0352206806058429,0.194189462894979,-0.0132652266617655,-2.16445046430488,0.000433291410189305
"UI10.00074.Nippon",0.574364233223836,4.151620315185,0.086327839101868,0.369072519934128,0.617218715673836,-1.13222534129978,0.755848631361842,0.522117532246659,0.357139860501974,-0.031148831340663,0.189943926224566,-0.0132652266617655,2.41343725683974,0.000433291410189305
"UI10.00075.November.Sunset",-0.790292681689771,-21.2790129268944,-0.179334799391445,-0.484879847446634,-0.574919282689595,-0.0761366966819539,-1.06621770619763,-0.547797160681225,-0.634460724266132,-0.0401917501562171,0.203454807678199,0.542202728460415,2.47461344091444,-0.000196744138884925
"UI10.00078.Puenktchen",-0.839796514517153,-24.4595101094368,-0.315880194055592,-0.155663733566584,-0.853775518133179,-2.84853929170703,-1.91160583167586,-1.53239362013829,NA,-0.0222230367229027,0.178574244936644,0.351834093022863,NA,NA
"UI10.00079.Rigoletto",-1.4040964938706,-41.7353757320485,-0.497177235075031,-0.799013215032122,-0.492535553978113,-4.00657268043061,-2.00145575912389,-1.03348170818364,-0.934605169863729,-0.0401917501562171,0.204990004912351,1.74789089888735,2.12397464851004,-0.000171615879124483
"UI10.00080.Roland",0.681225757939983,37.890714249724,0.282777957091352,0.480270678826837,-0.240113343326897,1.33624416690207,0.0277825392277374,0.0562866153389632,0.114108912779634,0.14511904680204,0.202444464437722,-1.00616243474683,-0.918184724022743,-0.000157087142959666
"UI10.00081.Roter.Pfeil",-1.2703772309164,-28.0633790725949,-0.584716425111778,-0.65952360923388,-0.486188582302684,-1.36800198822363,-1.74967100498166,-1.15147512696209,-0.746890418208352,-0.0417051966119775,0.204605129252695,1.46470027006077,3.28019067821043,-0.000119199405424604
"UI10.00082.Rotsilber",-0.116606294410516,7.37997304072871,-0.00733911200613351,-0.0170332637396079,-0.336081221337772,0.725578216926889,-0.0642335608310209,-0.036226853236514,-0.0732944296377717,-0.0417051966119775,0.204605129252695,0.193824690769552,0.699585429250722,-0.000157461309210946
"UI10.00083.Sarabande",-0.809585889654692,-26.9781626299104,-0.313119855443895,-0.33165833196072,-0.960818743820165,-2.86535401122296,-1.74083765700247,-0.934051741823089,-0.137404924669907,-0.0388573810198962,0.203031227343103,0.772012069045885,-0.734218019978987,4.31673342963942e-05
"UI10.00084.Silberfeder",0.0753111911400239,-2.05317888917571,-0.167485822160741,0.00226275268298026,0.168689689691235,-0.473431340768472,0.860684609122973,0.623722875566435,0.332410334939022,-0.0417051966119775,0.204605129252695,0.701342349092468,-1.94327092049098,-0.000157461309210946
"UI10.00085.Silberfeder",0.460049327127914,31.7596055603897,0.161124618543043,-0.0408508599697212,-0.0205709769069356,0.809778386063535,-0.0761534755850097,-0.0679981918153614,-0.26884675047671,-0.0417051966119775,0.204605129252695,-0.553455256860201,-1.94327092049098,6.85495479470462e-05
"UI10.00086.Silberfeil",-0.379786413157983,-12.0204052452115,-0.288900637505944,-0.0883102913055167,0.10550037720094,-0.0872715974045539,0.386193360871834,0.355825694133942,0.431498246661615,-0.0401917501562171,0.204990004912351,1.40927026164859,-3.26442653491038,-0.000201435535945726
"UI10.00087.Silberspinne",-1.15454946986688,-17.3084286469794,-0.364951261721041,-0.437290565781487,-0.628177585115185,-2.45913730611315,-1.69896034550868,-0.854976941785129,-1.10710513149181,-0.031148831340663,0.189943926224566,-0.413046854754564,3.36076090058752,0.000320835988434407
"UI10.00088.Silberturm",1.09351504434093,18.5313221619202,0.328908337810939,0.303699620537688,0.36888392857086,2.037797010131,1.60231705024635,0.991846168531048,0.654277140955943,-0.0401917501562171,0.202757492280127,-0.32645499912035,-4.5065255026388,-6.26378816701189e-05
"UI10.00089.Sirene",-0.213543058142005,-21.4380174753043,-0.0339791989557974,-0.0784424750280705,0.11884782467533,-1.96227631870838,-0.886809748058998,-0.475974517104886,-0.373371335981693,-0.0388573810198962,0.201078819870672,0.189614304093122,-0.38931075697348,-4.02893679486492e-05
"UI10.00090.Stardust",-0.235294113394228,-11.8559484970414,0.0174441782818665,-0.30162765854655,0.677412420117058,5.38104703793405,-0.149037332622446,0.0236391398828941,NA,-0.031148831340663,0.189943926224566,1.86587112038297,2.41343725683974,-0.000116224799662225
"UI10.00092.Strictus",-0.170965101797463,0.178118292829383,-0.0620124928825072,-0.0991484529274949,-0.0765216425477258,-3.54288009584475,-1.25447353729904,-0.734854694148199,-0.38978230266868,-0.0414423348323606,0.20619240300041,-0.209037699474046,-0.572788101683178,-0.000113233528899405
"UI10.00094.Super.Stripe",-0.100129919679585,21.372562011778,-0.00542038290018978,-0.0937896925103542,0.0222593916112358,-1.34622656071069,-0.0897214819997546,-0.156608503713296,0.0563921980962606,-0.031148831340663,0.189943926224566,0.690406669997122,0.325342537188521,0.000129875830022644
"UI10.00096.Undine",-1.02223586581911,-18.6085948799632,-0.377122351977574,-0.235423913184918,-0.379584395310752,-2.89589222429332,-1.17028673450556,-0.594453426201655,-0.425096629496129,-0.0417051966119775,0.204605129252695,0.920784971294074,2.66657164382881,-0.000180011803229888
"UI10.00097.Variegatus",-0.863933257678629,-26.2321178955252,-0.32406371378581,-0.46374396078171,-0.32612073201861,-2.92397029047554,-0.838927816989224,-0.506578327721604,-0.287158074355275,-0.0417051966119775,0.204605129252695,0.302592086215009,-2.83138479210248,-0.000180011803229778
"UI10.00099.Wetterfahne",-1.2016675596117,-30.0271185781858,-0.297875029133351,-0.564163651891381,-0.22888028729175,-4.2469605140032,-1.57584753130121,-0.929895212346675,-1.0187472702825,-0.0409117852909931,-0.212378060422796,-0.0587533739026773,-0.624681553335658,-0.000166924482063682
"UI10.00101.Yaku.Jima.Dwarf",-0.33564798948119,-8.19573339160557,-0.255044023477851,-0.181938576899382,-0.715169079098206,0.0122706488016193,0.856386669238534,0.51737953771851,0.529109250515483,-0.0417051966119775,0.204605129252695,-0.315255928128726,-4.19569851395381,0.000226118809925312
"UI10.00102.Zebrinus",1.26728513884275,37.6390392094786,0.466373153191165,0.405471770375643,0.726358428063584,0.119997518163294,1.48763223342499,0.991685840202929,0.748816689308137,-0.037472089059555,0.196370482326922,-0.462650879068226,-4.34405652079388,-0.000202961898930085
"UI10.00104.Zwergzebra",-1.06995019677375,-25.2932594801166,-0.39852071979953,-0.442569630698886,-0.157789093200452,0.256543320278346,-1.98480396044712,-0.962079941603641,-1.17982590427818,-0.0417051966119775,0.204605129252695,1.01183927609967,2.98273090456137,-0.000180011803229778
"UI10.00106.transmorrisonensis",-0.728275717493716,-29.7529513941108,-0.29621082082544,-0.11166385914148,-0.568517019964384,-4.21212439877548,-2.0273217060013,-1.13340746923113,-0.923818310071665,-0.0388573810198962,0.202620550884127,-0.548417205584559,2.71918658702329,0.000289336394409172
"UI11.00009.Positano",-0.893104115355566,-23.3879033460833,-0.381017352013297,-0.372419228826258,-0.703517007841891,-1.63631280828821,-2.09537108555134,-1.03180709588638,-1.24072817729113,-0.0417051966119775,0.205315462906324,1.80969672661084,2.52650689256692,-0.000202692499362757
"UI11.00024.Flamingo",0.643253938959281,36.4603211191213,0.367953885247079,0.491782495701018,-0.132116626258842,1.78083942355969,0.301010577035183,0.158382021353238,-0.0796010612287754,-0.0417051966119775,0.204605129252695,-0.914800716977886,-0.749561503696424,8.69080076622129e-05
"UI12.00001.Zwergelefant",-1.34613237411843,-33.1429721554541,-0.392433528070852,-0.562362918357682,-0.338053933843447,-0.579254130604385,-1.96446642614082,-1.20064910008792,-1.21317407978905,-0.0417051966119775,0.204605129252695,1.64344182470111,2.64787215674531,-0.00020256229724883
"UI12.00002.Malepartus",0.94475445016167,28.3757545820477,0.451255231300495,0.452303900737845,0.0737073906456694,-0.165374276762929,1.10153290625642,0.866089961391122,0.67798828706792,-0.0417051966119775,0.204605129252695,0.498015902821447,-1.53135689911931,-0.000112360321172951
