"<phenotype>","Trait1","Trait2","Trait3","Trait4","Trait5","Trait6","Trait7","Trait8","Trait9","Trait10","Trait11","Trait12","Trait13","Trait14","Trait15","Trait16","Trait17","Trait18","Trait19","Trait20","Trait21","Trait22","Trait23"
"DC.2010.001.A",-1.54201926555103,-1.49211581228421,-0.815923667775404,-0.0131515106499921,-0.0176080435605894,0.002271669375507,0.0126291397656641,-0.00129444554846808,-0.00122044600877694,8.42563691473627e-05,0.00104203505020618,-0.00257603749504547,-0.00218164389798967,0.00366846080760095,0.000244604852303021,-0.00963987223114396,-0.00465406938980833,0.00194900924931503,0.00460042568796614,0.00445563509642982,0.000571998715383368,0.0014737102733714,-0.00847161345522045
"DC.2010.001.E",-0.0942850078825707,-1.17415151568706,-0.737235887350836,-0.0191568645546856,-0.0102795239148225,-0.0458442784894451,-0.0265441402594292,-0.00148561921113001,-0.00097016362776368,-0.00535171887136694,-0.00387010237906331,-0.00363161727513026,-0.00131330953561742,-0.00447420526800059,-0.000923880251978087,-0.0173690037913355,-0.00668938983537258,-0.00815238166834492,-0.00411903884042445,-0.0531224330164776,-0.00645195286182359,-0.00520578014351686,-0.0205294397911708
"KY.2009.001.B20.e",-0.526998044269637,0.501455567701481,-0.236285345941923,0.104857701070722,0.114338490167924,0.316032646122462,0.384132093448019,0.00790621958914311,0.00987967229167248,0.0404224432418453,0.0527503199097917,0.0174894821163443,0.0171770846137343,0.0476482213320202,0.0310418764762532,0.0748701071811453,0.0404159247977805,0.0287530201183617,0.0228980866113104,0.520972333331954,0.0676039270345307,0.0618268417358013,0.0925468995743299
"KY.2009.001.C",-1.36045330234972,-1.97844771410006,-1.1363778447681,-0.00764201132573348,0.00559043671710588,0.0284966436122791,0.0632101815660677,-0.000489325608581113,0.000733804328502635,0.00283330036107691,0.0100589777144853,-0.00234499237837324,0.000293916120339555,0.000716172326278103,0.00838591960677068,0.00807543530812542,-0.00139765743566826,0.00338319058931617,0.00710333363118454,0.0640295350634219,0.00973598399509671,0.00451220639996676,0.00861330904315519
"KY.2009.001.D",2.67064703856258,2.48874065940519,0.975221532488095,-0.0219515139359327,-0.0147755990504606,-0.0807790787679595,-0.0936838570089406,-0.00129396332949817,-0.00080436067508242,-0.0131765377929471,-0.0122161090583505,-0.00296010246739914,-0.00155968694111901,-0.0195968529585311,-0.00310474927604989,-0.0297449111964297,-0.0205236068447408,-0.0192927626455309,-0.00385089360875353,-0.125731810711581,-0.0175623761188234,-0.0173858198722765,-0.0398475303689056
"NC.2010.001.009",-0.515168050563128,0.561576121644929,-0.2625948451062,0.0829094696742642,0.0846244805959975,0.191418798034689,0.253590130886992,0.00623365690389142,0.00682276100650048,0.023676364909862,0.031596605324321,0.0140099637649947,0.0118251849073861,0.0268689780270547,0.0153832818751306,0.058938191753099,0.0426286393713605,0.0287543093579962,0.018314395262402,0.338328209075082,0.0404786134267342,0.0355015794576813,0.0792287680043265
"NC.2010.001.010",2.50004382840481,1.36681578788287,0.897478688063012,-0.0844356642617858,-0.0866522586539438,-0.291772080265951,-0.348328872511947,-0.0067901583446243,-0.00755031815247213,-0.0375057724364208,-0.0504991391491013,-0.0144694515107491,-0.0119126252788829,-0.0429802442866355,-0.0280934309937045,-0.0439301997104289,-0.0278907563650071,-0.0255981414416246,-0.0169328522054072,-0.46976002534201,-0.0636877968439238,-0.0544340999223433,-0.0593233721943401
"NC.2010.001.5.B18.a",1.69503531817346,1.63218879731599,0.400517450849671,-0.0222619295106604,-0.0121767517134634,-0.0354621797791588,-0.0452353366393932,-0.00182005694725867,-0.00141161349056443,-0.00676205792632729,-0.00361702381483083,-0.00198948791537395,-0.00412594859107491,-0.00664183352614331,-0.00178703040649143,-0.0253118903598196,-0.0173630651007153,-0.00178003579700118,-0.00289704087009361,-0.0619673406484324,-0.00715045134851299,-0.0075921320327444,-0.0295163449664496
"NC.2010.001.5.C",-1.18952255564981,-1.57564608030738,0.0343610255135522,0.10108371787209,0.111382210299832,0.314705647001084,0.393315400677853,0.0078331691937761,0.00942066316911196,0.0401670477437261,0.0549001455675774,0.0173035379352883,0.0159627228400294,0.0441445131753606,0.0302649387798161,0.0810235189610537,0.0360267134727915,0.0293826188139053,0.0220533384391241,0.525690548677034,0.0691114746600981,0.0584318842700151,0.0958517809515081
"NC.2010.001.B",-0.257782295069753,-0.198599993395043,-0.0493653990297317,0.0410512785775971,0.0396206303377238,0.144772646642695,0.165756685923981,0.0024514414548071,0.00372078021867322,0.0178652268875921,0.0234862261102129,0.00389385568293409,0.00805522937776204,0.0206633710210434,0.0110846188407719,0.0423115787153779,0.0175616560127825,0.011948598308242,0.00655194424681029,0.226891884410045,0.0298126660227677,0.0246260957722917,0.0475105913153642
"NC.2010.001.B44.e",0.429744552908005,0.36733560621137,0.25223523339561,0.0244299682153923,0.0341062446961223,0.0936662598216759,0.117442177909451,0.00182485870248778,0.00270639239580061,0.0133558783745998,0.0136950284751598,0.00436113922498694,0.00532408179543838,0.0136479165920142,0.00575728251554359,0.0209793717189852,0.0118147957829171,0.00560329494272238,0.00181818413576901,0.155845995834471,0.0191759981457237,0.0159266385836765,0.0244685551838827
"NC.2010.002.001",-2.96210082813388,-1.73621056771432,-0.585363185112069,0.121346472534273,0.135775746992491,0.352178678139762,0.446745114828288,0.00877743787179968,0.0117980565531646,0.046629289292477,0.0642744179615433,0.0196561778224864,0.0204921076024898,0.0525314203118085,0.0345316319337455,0.0940086833722921,0.0575854467727426,0.0402342936300756,0.0265628037557636,0.597232411521863,0.0807515419968856,0.0688777944761087,0.11982046588445
"NC.2010.003.D",-1.32228283290089,-0.728387181944921,-0.689850110149443,0.0834617458523078,0.0900488452833508,0.249903541528518,0.298503912254151,0.00611021624922842,0.00757725006384103,0.0303540227693123,0.0415277038109009,0.0142671598348641,0.0121455017920472,0.034593488472439,0.0235678875159965,0.0566759028543611,0.0363037933328293,0.024031909157104,0.0188841906325708,0.40805453914483,0.0523442696383016,0.0458088826314189,0.0734315000829146
"NC.2010.003.E",0.626270597544216,0.176115554520477,0.464411312523818,0.00404592343293968,0.00493866464475137,-0.0348159544517681,-0.067209000109441,0.000612350017862353,-0.00046428690267868,-0.0074972967565666,-0.0115272302913808,0.00125236673610899,-0.000857210212540482,-0.00828643297150104,-0.0102044928146959,-0.0253118903598196,-0.0173630651007153,-0.0047730554103245,-0.00531613028128829,-0.0692233144426354,-0.0135194380373738,-0.0115405851987598,-0.0308912214342687
"NC.2010.004.E",-2.50200605984743,-1.44044980219464,-1.17726560310017,0.0944091746060331,0.101799518323252,0.24049736540718,0.298411921385787,0.00691721702965659,0.00858407589934694,0.027752861566267,0.0428965677073517,0.0140099637649947,0.0147990711874546,0.0268689780270547,0.0284641480822859,0.0940086833722921,0.0426286393713605,0.0287543093579962,0.018314395262402,0.407057962831906,0.0521905504167181,0.0434795594299968,0.108494990680896
"PA.2010.001.005",1.23034661637951,1.09170839045272,-0.00708154215603244,-0.0583669595623393,-0.0658609912925617,-0.154001949617719,-0.214898868170366,-0.00435920786484107,-0.0052462152635734,-0.0190810222140314,-0.0293412635396557,-0.00953384696563686,-0.00775663924110846,-0.0236733267045576,-0.0163319895416994,-0.042393235823841,-0.0152403386976825,-0.0123049407002461,-0.0115561240109453,-0.27823877698593,-0.0356259411323576,-0.0312369993677136,-0.0477477650933099
"PA.2010.002.004",-0.0986193118650465,-0.899737828415826,-0.479518323001826,-0.0954761956174037,-0.104570390958952,-0.295175742226551,-0.375622970990161,-0.00686889922282062,-0.00876991821751109,-0.0374087572820566,-0.0521986390668215,-0.0151413461300151,-0.0164962963446077,-0.0408467820488437,-0.0335293599786653,-0.0834972208814768,-0.0369381318807001,-0.0262620739788308,-0.0219740222619172,-0.498251636779894,-0.0651760603659074,-0.0573196321341577,-0.0973708856755327
"PA.2010.002.013",-1.84872198355099,-1.53084143968137,-0.519086294788009,0.0736617101629337,0.0777312159404651,0.19260973681874,0.279757893951702,0.00540857516290845,0.00662041492516706,0.023815812878612,0.0391012471254355,0.0120609657963431,0.011641975259256,0.0223602885026848,0.0233750425655575,0.0702321543334496,0.0305829422682941,0.0196984601790408,0.0178245396433362,0.355354670475751,0.0464625064285765,0.0359381224292341,0.0808634502809707
"PA.2010.002.015",-0.314696381674761,0.254039607880456,-0.585363185112069,-0.0416908100195339,-0.0431575201261643,-0.0498407202898649,-0.0525645869596985,-0.00272461111846422,-0.00358844764498496,-0.0069875978350641,-0.00493418821142271,-0.00808982391084357,-0.0059565153691954,-0.00215483521448267,-0.00647566748331834,-0.0166486145463856,-0.0138511562780805,0.00138559753848929,-0.00168243936471833,-0.0864779631841454,-0.00873984417339776,-0.00912206110622039,-0.0196401557373272
"PA.2010.002.B3.b",-2.15720502605807,-1.89736399561624,-1.15011457404594,0.0391939375914831,0.0362059386460879,0.0807856426344996,0.0972499006697636,0.00232696835105025,0.00354402051295753,0.0116967681590604,0.0104822027198589,0.00663854608467136,0.00502485907528417,0.00968021536515593,0.0038761546357678,0.0567607904162094,0.0244353210163763,0.0160590580298785,0.0100808935895861,0.136389721011798,0.0158248344442323,0.0125538704611262,0.0643789240556017
"PA.2010.002.E",-1.71717471892759,-0.598829212604811,-0.0312508391380817,0.0895103523875061,0.09495874131649,0.241332325780035,0.305080555091456,0.00616422757182731,0.00850271286919284,0.031404361274533,0.0421742879990937,0.0137175366765537,0.0147990711874546,0.035619757742788,0.0279911988301677,0.058938191753099,0.0249978725240398,0.0150699534482425,0.00831597794884182,0.410122343714802,0.0535970433068259,0.0495681739430121,0.0657770971560776
"PI294605.US64.0007.01",-0.728520127750057,-0.0505809572402807,-0.210943123539526,0.107611369342702,0.11203794837041,0.291071067903613,0.362231734031309,0.00831175286519394,0.00963325712108621,0.0375902152267308,0.0525509585344196,0.0169910208818325,0.0152881467039178,0.0379929485605649,0.0308227908083188,0.0809123867222481,0.0359561888047002,0.0247533246970526,0.0161459410183668,0.489753912483278,0.0658405370748371,0.053935541916798,0.0931539595906095
"PI302423.US64.0016.03",1.01864304896489,0.859785883572888,0.622476653775366,0.218161977345182,0.242094887151924,0.732058862800398,0.909204148734284,0.0163732484395394,0.0210860119227429,0.0949484488723244,0.129230736466385,0.0369643055147221,0.037833652174942,0.110233581793433,0.0768814245891996,0.205995148728149,0.0951269890734407,0.071440287404951,0.048856527123301,1.21158727016984,0.16253198707954,0.144258286300367,0.242727202770237
"PI423566.M75.062",-0.501342835576665,-0.578035217874233,-0.48584481667593,0.210439777855462,0.236003386198902,0.673188622428039,0.865331279723036,0.0159181430821991,0.0205046136018303,0.0861617323912123,0.123931708885532,0.0361077799722691,0.0365260475258531,0.0955894426579229,0.0736169835479683,0.170629267266096,0.0982590352828314,0.0668447226230394,0.0497884229234386,1.14086634773889,0.153143772938551,0.131100177148616,0.213378783736092
"PMS.009",2.03580766759178,2.50049862171026,0.880681592672842,0.0812680633482168,0.0823835165177795,0.285060787776576,0.362029888661597,0.00569182643549093,0.00723284241192157,0.035238330027515,0.0513909154915037,0.0127501657981287,0.0130062854821302,0.0388814842882356,0.0312666717506662,0.0547673318524747,0.022662215980525,0.0292309684735243,0.0189432622169906,0.474496457318501,0.0629478200373182,0.0529687319391995,0.0676534609401881
"PMS.014",3.46764005369515,3.12251438069765,1.38476416524417,0.115984238999264,0.121441212718844,0.358511024971773,0.443794964433907,0.0085801278593988,0.0102588294815437,0.0456201629059931,0.0617427758314298,0.0185196647498596,0.0170520930256814,0.0527344087698087,0.0381113640614995,0.0936942309866892,0.0420648048723976,0.0292309684735243,0.0189432622169906,0.594656572732402,0.0779077130875947,0.0696830549198451,0.108265847992432
"PMS.038",2.67217590201353,2.39065445788116,0.943255481531325,0.15317003274212,0.171286674572578,0.461762239844204,0.589196442575511,0.0116229119225176,0.014835598333727,0.0584037703069408,0.0864975827390099,0.0252400658544324,0.0258039774554268,0.0618086234877415,0.0536744566493007,0.153620000977525,0.0749846191558067,0.0548643812997035,0.0372960018664927,0.783036676229539,0.106028799780725,0.0892449847304601,0.183348884203151
"PMS.087",2.62930493077753,1.33805287046102,0.924643362323759,-0.128504914049744,-0.103743168381501,-0.394502962093723,-0.418044726328915,-0.00932053645974186,-0.00869511024205072,-0.0502463708867729,-0.0627268146194834,-0.0207260757546595,-0.0160475757031461,-0.055643331454659,-0.0322329950186322,-0.0771197824710274,-0.0448544566092006,-0.0381853588486094,-0.0238852060158877,-0.595413396468566,-0.0811937199059124,-0.0689628566089683,-0.0992405518585211
"PMS.130",-2.16232605762129,-2.31112823355787,-1.57617681854884,-0.0511003228779615,-0.0542706656076821,-0.166299770200239,-0.174433509093222,-0.00372802899822659,-0.00449139697044636,-0.0218166216490673,-0.0249738154455388,-0.00783632817717762,-0.00660792969334552,-0.024183354710206,-0.0147796599321196,-0.0371612214079024,-0.0173398633767578,-0.0182679614453252,-0.00948885608767863,-0.251317870293073,-0.0335042375015792,-0.0299529170983984,-0.0455725586764495
"PMS.131",-1.15570577704481,0.254039607880456,-0.2625948451062,-0.0525079199479573,-0.0622355289102538,-0.197369515468037,-0.208782100612018,-0.00413419881154892,-0.00509012987309931,-0.0240414217364311,-0.0329389511698773,-0.0102966319775887,-0.00922682129256015,-0.0322991654775753,-0.0187971588545928,-0.0239835874248663,-0.0181505264798346,-0.0198160724345538,-0.00779044850474174,-0.297530684634625,-0.041291959017491,-0.0395552310083731,-0.0350150677179189
"PMS.134",1.03227744164365,0.358525638720235,0.460525379930656,-0.0961165194915053,-0.110065110422692,-0.310906474376301,-0.388649988343547,-0.00718107840151169,-0.00967497618917275,-0.0386346992380733,-0.056467455145147,-0.0165244073447423,-0.0178138744550945,-0.0426820402047599,-0.032199389568524,-0.0741026745512504,-0.0434415989299535,-0.0339082765203154,-0.0240250026500585,-0.518679745309306,-0.0694611373376939,-0.058711630681666,-0.0949118790697581
"PMS.144",0.795277231466709,0.530458684017173,0.383437798276745,-0.145290332071344,-0.160565253539413,-0.439631478601782,-0.564244680396983,-0.0112195858152871,-0.0136622423015743,-0.0557416018317359,-0.0801097367133395,-0.0242597129596591,-0.0226997674356128,-0.0652264516700878,-0.0489106294899287,-0.100626904365942,-0.0434415989299535,-0.0385630961776034,-0.0309322523394616,-0.74732519804349,-0.0991775642508193,-0.0879991230643862,-0.119836550355975
"PMS.159",0.0715862603574791,0.191890602148863,-0.179010076715855,-0.0961511369364193,-0.10567258177893,-0.302403129636495,-0.391642972658952,-0.00696233037974872,-0.00919070648182625,-0.0385873461063608,-0.0572333571499315,-0.0137753107841644,-0.0149661738652207,-0.0426115357753306,-0.030853744355556,-0.0587397748510689,-0.0355883410691643,-0.0317252963118392,-0.0260288170138593,-0.514925280266813,-0.0699570844264808,-0.0563321373643484,-0.0785802086679575
"PMS.161",0.9024289498739,1.38247428917075,0.415475911236768,-0.154597351488139,-0.157556070223258,-0.432731606464657,-0.541514616486605,-0.011772665859848,-0.013103902657968,-0.0567901713137981,-0.0792013100412569,-0.0279243750855441,-0.0215667306260508,-0.0649537859855817,-0.0435244980641468,-0.12912410093166,-0.0445599799674442,-0.0390154834398588,-0.0310216541217738,-0.727359349598362,-0.0990277288594777,-0.0855919877090899,-0.144236420866028
"PMS.164",1.53191677400207,1.37929028827961,0.572459134925475,-0.0721291248492064,-0.0697524161975805,-0.204094525449599,-0.246655752517273,-0.00530414437862004,-0.00631582386382866,-0.0247295884639658,-0.0371342361623186,-0.0118106551173263,-0.0108781760102185,-0.0270178891866925,-0.024921858267992,-0.0741026745512504,-0.0376039456776276,-0.0199438175484526,-0.0136641281159538,-0.335365787804854,-0.0453502269538265,-0.0399174929640732,-0.0862436229658787
"PMS.178",0.879660421914464,0.986278806822527,0.211799500693226,-0.149026053855146,-0.151095303144752,-0.434571156033152,-0.506060204271787,-0.0109063608523828,-0.0129051240555071,-0.0544045450505075,-0.0741897567723836,-0.0228921944203379,-0.0226997674356128,-0.0619260032737367,-0.0441128752455412,-0.100626904365942,-0.0434415989299535,-0.0385630961776034,-0.0274786274947597,-0.699406497473092,-0.0935247003953611,-0.0825627705643614,-0.119120533001876
"PMS.183",2.04512944458635,1.29105172387423,0.909329807856854,0.0416051898868723,0.0457100283971325,0.128005466562399,0.154065311444035,0.00281654300053695,0.00381767540931545,0.0169488247625105,0.0211639323802135,0.00664765381998926,0.00718648895339564,0.0197234207007518,0.0121048018998247,0.0158404327182605,0.0129609215345891,0.0101337763530074,0.010600818792426,0.209573892766575,0.0274803924145928,0.0250376788929406,0.0238030622905589
"PMS.204",3.46471998537694,2.94393417516438,1.01763027453561,0.0445882930892474,0.0495654948443358,0.115412017039562,0.140528864613769,0.00346632760330105,0.00385664052375951,0.0136756047980861,0.01964046773124,0.00771214986111623,0.00629949446080433,0.0171513852826859,0.0140265616338021,0.0158404327182605,0.00811027431162024,0.00249489950480084,0.00225837536786111,0.193350660058338,0.0244698365094899,0.0242516210364968,0.0178125056397204
"PMS.272",-2.29037496103684,-0.911634320193655,-0.819089640352826,-0.0205147901081186,-0.0262117672588334,0.0435266493704351,0.0493889011672934,-0.00116450036731812,-0.00285889854447983,0.00674255499197947,0.00760566963935515,-0.00450663738745509,-0.00684496885763232,0.00802931922558575,0.00830352254243599,-0.0166486145463856,-0.0138511562780805,0.00138559753848929,-0.00168243936471833,0.0532553235255291,0.00941618924239256,0.00720548598772125,-0.0196401557373272
"PMS.285",2.96192553352284,1.76642354148719,0.879065435890261,0.110346279904662,0.121075919279105,0.319064224042268,0.397200951352386,0.00810168340242451,0.0102996743552342,0.0417105495450254,0.0560144183288568,0.0193882017366856,0.0171903418125852,0.0439823305914381,0.0315234304302279,0.0936942309866892,0.0420648048723976,0.0292309684735243,0.0189432622169906,0.535091791537061,0.0710373395435047,0.0599446879074582,0.108265847992432
"PMS.293",2.78342534138534,2.35134592729737,0.329102226806147,0.147675738091602,0.174752236493704,0.453209346629281,0.603517822088645,0.0111649029495495,0.0154179473156354,0.0564477042313453,0.0878063450810828,0.0252400658544324,0.0278370443816532,0.0638939740966702,0.0536744566493007,0.12793752812431,0.0749846191558067,0.0452518514898864,0.0372960018664927,0.788351555860536,0.105996801663827,0.0913513518086045,0.159112065603004
"PMS.303",3.19363437893222,2.34731077385663,1.04351422851309,0.0697188868087203,0.0736434276241461,0.209175345110289,0.250888670474101,0.00520612173253673,0.00639378562991447,0.0262761649529473,0.0358617277205694,0.0121537527108477,0.0111853168234593,0.0282864727452981,0.0213926413951243,0.0310378809882553,0.029907684099396,0.0290594488825349,0.0188841906325708,0.341926501639968,0.0452100592250499,0.0391090021491712,0.0508242317895395
"PMS.306",3.82373751262604,3.41198985241789,1.29712001752207,0.112149533499812,0.119054732987858,0.320089645298531,0.413911648146297,0.00813716116577415,0.0102481967501419,0.0412598023955173,0.0577389884607669,0.0189194537448497,0.0176335193959112,0.044683629732379,0.0308524124773392,0.0956758562147118,0.0430308981285399,0.0295234467167978,0.0220897087459209,0.548141795685601,0.0721613166176038,0.0600843533510267,0.111061893047555
"PMS.314",3.29012191030596,2.43052378790952,1.8523066199991,0.0485286463138022,0.0480939033175259,0.13769281252613,0.165022056607503,0.00365052632611362,0.00384331460721245,0.0136308556718127,0.0258477810866558,0.00947080715091312,0.00718648895339564,0.0197234207007518,0.0138801646474233,0.0158404327182605,0.00811027431162024,0.0101337763530074,0.0133816332672807,0.225414222587884,0.0294442106639118,0.0268172703354098,0.0223475893939442
"PMS.347",2.74082913990914,3.28827614204946,1.64361660808643,0.201293973557452,0.22350567795501,0.639531426768618,0.80809860549282,0.015205266052598,0.0195749710956414,0.0821790746882492,0.115273397115762,0.0348686952789515,0.034515048615388,0.0937165567716036,0.0667610962306921,0.162792863901708,0.0799361075874426,0.0543654599315744,0.0420923512861916,1.07347772428023,0.143718739889512,0.125058941145506,0.193926669902999
"PMS.359",-0.282075332440228,0.12983540502346,0.357262968939043,0.194724781747143,0.22083013431306,0.617298368822233,0.789276029961699,0.0145468703322941,0.0193727229527105,0.0787835055789613,0.113367998268968,0.0322799262539671,0.0341601206564926,0.0888518681844845,0.0667429930870616,0.161502458142297,0.0796590277274047,0.0582899862688823,0.0396994717355363,1.04428565817029,0.140155521125583,0.120630524326421,0.193382807426949
"PMS.397",-0.244517530375546,0.119676825135899,-0.665538694179239,0.187302298705365,0.208123584182007,0.576058721917879,0.730907872294955,0.0141944482621083,0.0181727614000329,0.0739559289031623,0.1058709308962,0.0312342759235327,0.0322644623894051,0.0804491905224416,0.0637051878216329,0.162180825261931,0.0749846191558067,0.0548643812997035,0.0372960018664927,0.971827036565478,0.131182624854866,0.111962450593261,0.190492867028453
"PMS.425",2.24577649929392,1.77562243499244,1.81427496147745,0.104759667913977,0.114128329415475,0.303230431168331,0.364262828797502,0.00760481566968012,0.00975924148682613,0.0388143348649765,0.0516195243719273,0.0164853360163932,0.0154487650825683,0.0409005041995786,0.0306022952304673,0.0951329356535171,0.0426999025662622,0.0290594488825349,0.0188841906325708,0.498402250144904,0.065730784998603,0.0558520100167969,0.109670198572395
"PMS.438",-1.02738531395625,-1.12983734871415,0.145625790900314,-0.105186667280778,-0.126214556790034,-0.315062730001597,-0.409632393057634,-0.00757387732797997,-0.0108892325382727,-0.0394924311245995,-0.0590263150006381,-0.0175722194086142,-0.0186352581956089,-0.0416382197403028,-0.0360173709090588,-0.0750459583700435,-0.0441191255093031,-0.0281694560977231,-0.0233590705302425,-0.542123638546411,-0.0722163341276749,-0.0605608782869644,-0.0941702599048132
"UI10.00012.Cabaret",-1.66166785413528,-1.67173328984246,-1.14611639758635,0.0948084825857632,0.101997953696174,0.266023043843332,0.325512021025069,0.00701152073971665,0.00868434161148939,0.0326920224238752,0.0472347488132611,0.0161196347475422,0.015507248696927,0.0338185328843207,0.0287649494855186,0.0742307814195821,0.0420648048723976,0.0296773207523205,0.0192827602497809,0.442672576407216,0.0585095122445523,0.0495564892954509,0.0922242846824113
"UI10.00015.Cosmopolitan",-1.20071373264817,-1.29978291197342,-0.926962238407909,0.00015750765073613,-0.00190804568133967,0.0489101389313063,0.0454770884391323,-0.00018702805973188,-0.000140972285527602,0.00444855501879758,0.00530535306906153,-0.000868427190613257,-0.000123997350920313,0.00599680433441092,0.00342544481087048,-0.00815650772425286,0.00128561502993702,0.00547895669571955,0.00436637947286915,0.0627973575324832,0.00675124098721093,0.00599181697962436,-0.00376404585609839
"UI10.00017.condensatus",0.398410903731129,1.64545827788599,0.379859732652846,-0.0656268384433674,-0.0708157379306073,-0.207905240173458,-0.274374844527607,-0.00497163466610207,-0.00593901596976815,-0.0256083537088666,-0.0400622977672769,-0.0101266593016771,-0.00958636287388452,-0.0294751418405582,-0.0224821897298579,-0.0403740093251841,-0.0259286391729763,-0.0207791987816367,-0.0177905633305022,-0.357362002260396,-0.0481115260041943,-0.0395436172143981,-0.0543054738960066
"UI10.00020.Adagio",-0.578518775662217,-2.18329621759291,-1.15011457404594,0.0409786342838849,0.0471045076561835,0.163558052934014,0.22032516579773,0.00310143322565084,0.0039440832146292,0.0195558186596958,0.0308103372532215,0.0080774632325694,0.00581562114908227,0.0240973135750722,0.0184647949176756,0.0296125279751638,0.0107000135367059,0.015780838879839,0.00952012705939055,0.280555310612736,0.0367556293362467,0.0317463327928838,0.0357724322579594
"UI10.00021.Allegro",1.508673795176,2.07377987779596,1.03086206265531,-0.0127796537492555,-0.0139935044731058,-0.051665131317657,-0.0695980931251315,0.000406882277335156,0.000551120716725039,-0.000246292613923365,0.00128506563101008,0.000702353431766842,0.00185993134520318,-0.00283684972080869,0.00237108068090718,-0.00198409890573063,-0.00170862328434366,-0.00193846029284829,-0.00403083911916068,-0.0884005970358724,0.00101269031102124,-6.40408645160833e-05,-0.00377280663092961
"UI10.00022.Altweibersommer",-0.0455974958262676,0.588953544249119,-0.776975578975962,-0.157866556516588,-0.182762077280447,-0.43923867519147,-0.577916019035005,-0.0118603941240646,-0.0157448066971357,-0.0535297610353652,-0.0803381237765228,-0.0290330542066408,-0.0261851666751726,-0.0589808285473451,-0.0493050175412876,-0.160896248806588,-0.0623161412056872,-0.0378524511820539,-0.0305767994180851,-0.764570652230535,-0.0984630091033824,-0.085979285322977,-0.177756884767505
"UI10.00023.Andante",-0.789831448304063,-0.762853917467022,-0.137307551148347,0.0459535920272758,0.0499023367950536,0.152932793547825,0.180086652774322,0.00323904569269964,0.0043492458848965,0.0178086395123416,0.0237826132656112,0.00733857393331142,0.00753663047950391,0.0243194499281446,0.015509130408642,0.0337927186602323,0.0119739155052312,0.0177726532012141,0.0106008187924255,0.245655504027535,0.0301922997726963,0.0305702320651266,0.0405996941500234
"UI10.00024.Arabesque",1.52291751161535,0.565084804280972,1.06719767289625,-0.0989775336103018,-0.121887232952235,-0.342630684836782,-0.467913874785725,-0.00683512048131111,-0.0103383055988636,-0.0426721288709799,-0.0682301088927404,-0.0150338041017328,-0.0176737043852607,-0.0464023685249636,-0.0400476015456707,-0.0740042389699551,-0.0439693312871538,-0.027073574205428,-0.0227225997778639,-0.600053567397025,-0.0812559443899562,-0.0652608881824173,-0.092786471208645
"UI10.00025.Autumn.Light",0.470574070778464,-0.0268186690184348,0.050497740050012,-0.0161332782563093,-0.0177805280622476,-0.01634860769126,-0.0319955884662796,-0.00128190447294325,-0.00141820726722467,-0.00283546607617401,-0.00395941015426946,-0.00287371941379199,-0.00114087649944413,-0.00276861897672773,-0.00231053209619107,0.0127133881558211,0.000472128080512339,-0.00387751906108836,-0.00556063580533321,-0.0406821784923104,-0.00513113651510817,-0.00444279454806514,0.00852278248189222
"UI10.00026.Ben.Graz",-2.12372879913473,-2.2500906169778,-1.37272449208742,-0.0973303133911937,-0.114955461677116,-0.369986993731758,-0.456689076159755,-0.00670937154946122,-0.00978803049788466,-0.0447106346858844,-0.062882464973311,-0.0161822298564063,-0.0186492216726992,-0.0493629021690019,-0.0392976408787771,-0.0879959561580947,-0.0522612019472383,-0.0382763749959656,-0.0264628918645026,-0.606104063411691,-0.0780343596222352,-0.0676324016238503,-0.111980444079785
"UI10.00027.Ben.Rotkopf",0.113554580790971,0.76311926793752,0.497335633812747,0.109145603710824,0.120886974753282,0.296188205185524,0.374756933915395,0.00821764614498497,0.0102640277620393,0.039412743817175,0.0538358549604453,0.0199088188910785,0.0177729574675232,0.0443705374585214,0.0284641480822859,0.0940086833722921,0.0426286393713605,0.0287543093579962,0.018314395262402,0.504388003923993,0.0679879050517095,0.0588744287023833,0.108494990680896
"UI10.00028.Berlin",-1.38540164744086,0.176115554520477,0.464411312523818,-0.0106839280369981,0.00238235019724647,-0.0252210085913449,-0.0255214798271034,-0.000855584985025792,0.000298700862542723,-0.00346932140565992,-0.00642046667679397,-0.00393674323992762,0.00178666435164826,-0.0065044098784936,-0.00572143840881503,0.00449115457372569,-0.00222942066713046,-0.00706555974056453,-0.00714447172756273,-0.0357057783430764,-0.00718002560035108,-0.00852839192221955,-0.000728976893745513
"UI10.00029.Bitsy.Ben",-2.23610038862484,-1.73621056771432,-0.407653501145468,0.0174932382396655,0.0127853438368907,0.0383923021543256,0.0455502770859599,0.0013317345107853,0.00126179074327186,0.00566806653598226,0.00803728494226429,0.00469007875174831,0.00265660472075229,0.0017625506069145,0.00529010439024074,0.0118737287477856,0.000443385285910175,-0.00360791440530581,-0.00518575589793061,0.0631452478899891,0.01000058554486,0.00627895883328761,0.00796643859555185
"UI10.00030.Blondo",0.695949157508714,0.537083431180915,-0.0474924414682655,-0.106633526622113,-0.121116739410443,-0.289041693582676,-0.365223770969588,-0.00768747774144939,-0.0104256954960242,-0.0356836746458256,-0.050583307380226,-0.0159956131842581,-0.0185019435960977,-0.0373999430708987,-0.0309285578849568,-0.0893840159572542,-0.0520359790076685,-0.0245986372057397,-0.0205713778053571,-0.492550851555859,-0.0632186071092092,-0.0541788291502023,-0.107831908243782
"UI10.00031.Bluetenwunder",-2.66496920006871,-2.58944428895119,-0.936872102965996,-0.05379609033261,-0.0662110825859484,-0.255756663016439,-0.296290923655406,-0.00383777015596675,-0.00541558524194067,-0.0309225224292877,-0.0377551791590047,-0.00672338211648288,-0.00866270183748775,-0.0286918990246368,-0.0258851044200778,-0.0397284250672129,-0.00950878541985821,-0.0220548865307593,-0.0095630983468729,-0.398949985509386,-0.0490895534530653,-0.0395870028413404,-0.0455547303601929
"UI10.00032.Bodacious.Ben",1.58103428891049,1.62467921391921,0.075281612872568,-0.167495090784955,-0.18743811945435,-0.504364315178486,-0.640891586298787,-0.0118662450557448,-0.0160585271790502,-0.0652127021274327,-0.0887716133209759,-0.0283622685776233,-0.0295969691811246,-0.0691831196128135,-0.0514235122354146,-0.153675363995326,-0.0795216822550571,-0.0444005075182714,-0.0309322523394616,-0.853396035243254,-0.111929758924022,-0.0954032222979014,-0.180923079965957
"UI10.00033.Border.Bandit",-2.13672275330988,NA,NA,0.0951952503918555,0.102396321082331,0.313580083788986,0.400239969367922,0.00667600410449531,0.00917359631782342,0.0412413004983634,0.053792237648152,0.0133371973313789,0.0169604137921641,0.0421634308859226,0.0285511798143343,0.0842190430974689,0.0395418692365335,0.0256998017501724,0.0176213175631239,0.527125315477516,0.0686733407314785,0.055183410365925,0.0979974997054292
"UI10.00036.Dixieland",-0.311364439211992,-0.161565940747176,-0.0875205849244477,0.0238675808950032,0.0208141640692441,0.0323713021788391,0.0543470790558119,0.00179608635863884,0.00164704615876549,0.00309092118949755,0.00678657866757044,0.00323438522602683,0.00103484201905928,0.0060083841746812,0.000555531869496598,0.0168488997675864,0.00383799900361166,-0.000229923752765477,-0.00230291803687288,0.0691287024157454,0.00763370750096233,0.00593950540600211,0.0151236075674673
"UI10.00038.Emerald.Shadow",0.387937197071097,0.125174785761695,0.279997766144701,0.0739474786108061,0.0781295212806431,0.210268464036048,0.257086938468365,0.00518195541917724,0.00657846308649729,0.0259278421805143,0.0366968328894748,0.0120294744414823,0.0106544567922729,0.0272568464187018,0.0211280126241964,0.0450356070689217,0.0372141576494292,0.0254115300494208,0.0189432622169906,0.34901345594417,0.0457051450529833,0.0380224032703524,0.064513881883103
"UI10.00039.Emmanuel.LePage",-0.00994909414518103,-0.798730786869044,0.100078413289629,-0.170370504966743,-0.182202494307069,-0.53822535879298,-0.643445983324088,-0.0125315980331733,-0.0155201741035344,-0.0669906405109298,-0.0881666536693362,-0.0278830048392091,-0.0259431277495001,-0.0730774043325071,-0.0532392231613072,-0.13214097280904,-0.05863831398314,-0.0512914346378944,-0.0359212458045517,-0.874891095534804,-0.112453916528161,-0.0980868308199895,-0.15724943207975
"UI10.00042.Giraffe",0.0170987286673532,0.0982783810999537,0.439799569377044,-0.12921644822867,-0.140863178969121,-0.379154119914129,-0.477526311225553,-0.00949432683269406,-0.0119198235543706,-0.0471656121854909,-0.0683417120440735,-0.021681277754687,-0.019166394708858,-0.0523040217392477,-0.0415999925000562,-0.100626904365942,-0.0376039456776276,-0.0385630961776034,-0.0274786274947603,-0.638980415000192,-0.0844164228138363,-0.0727753646484515,-0.116675062099889
"UI10.00043.Gold.and.Silver",-1.11484142951926,-0.988568719616865,-1.03476905861033,-0.0353255479992818,-0.0388967139432075,-0.10300684685658,-0.146896642313275,-0.00258699882208047,-0.00346837553953612,-0.0122742061519487,-0.0210383963141759,-0.00491827291478886,-0.00477223050061893,-0.00775934284673106,-0.0104899269300231,-0.00606187537937636,-0.00891471940191895,-0.0112309849305598,-0.0109212388114092,-0.186635763042469,-0.0246432673008698,-0.0141862156644069,-0.0143344651865896
"UI10.00047.Goliath",1.95612836713421,1.76656973346285,0.825485589810663,-0.161080445371931,-0.178865221480711,-0.502333148172188,-0.633462163772275,-0.0115732294074905,-0.0152514368772734,-0.0635251768862738,-0.088424989502288,-0.0283622685776233,-0.0268380884829197,-0.0688550098396258,-0.0514235122354137,-0.153675363995326,-0.0650896489250144,-0.0444005075182714,-0.0309322523394616,-0.843521751139466,-0.110545352564299,-0.0943833134384461,-0.174877308482175
"UI10.00048.Gracillimus",0.42528073789784,-0.698916069898404,0.013044985837689,0.0722310023514674,0.0744145528781014,0.251575146228825,0.302103723674936,0.00534268398501859,0.0062306996723952,0.0311264524452905,0.0420428467439289,0.0118815514128316,0.0102768122282633,0.0340031098266289,0.0239368729974961,0.0508322850053669,0.020442422839259,0.0231794952392503,0.0145347274124789,0.406187158408899,0.0529251254351963,0.044363803039768,0.0607600040095135
"UI10.00051.Gracillimus.Nana",-1.28458582413009,-1.3121478409711,-0.106804576268651,0.0582204167315826,0.0631490839315287,0.167726555056201,0.191824428880353,0.00383891366928092,0.0054363925578509,0.0206793422774038,0.027212617840969,0.00789512023546121,0.00961214741228915,0.0229371385079579,0.0188273427867727,0.0277226184682914,0.0147483476862044,0.0126491290622533,0.00675985515635448,0.268500950577257,0.0347978465864893,0.0321109421217659,0.0344051290969677
"UI10.00052.Graziella",-2.97043130202495,-2.18329621759291,-0.791938611298596,0.0780213399028481,0.0842418275028708,0.200381152942226,0.262573241501569,0.00532178497796173,0.00747298451290347,0.023582671760355,0.0381684050106789,0.012062780307774,0.0130167371524277,0.0223819797153941,0.0260730258264177,0.0853454075588581,0.0391167305487257,0.0255886760225057,0.0170997937570267,0.349353853773675,0.0456911572539196,0.0378150031080186,0.098618801451774
"UI10.00053.Grosse.Fontaine",0.960106735787593,1.10278620496155,0.689455871180572,-0.152460202682332,-0.155364159529862,-0.403312926210402,-0.517402222087201,-0.0115725974677464,-0.0133511273647631,-0.0520768346659753,-0.071516652444243,-0.0250632399893652,-0.023398370849871,-0.0588395617095502,-0.0417942267019247,-0.127275542605427,-0.0723309756989437,-0.044688346062491,-0.0295238349150463,-0.690898840285321,-0.0901888779475314,-0.079849977270244,-0.1556722146103
"UI10.00056.Huron.Blush",-2.04231241490995,-2.20502880266751,-0.772055434911832,-0.0858643090159977,-0.103436786600037,-0.307889012360431,-0.391555067294492,-0.00586851825185516,-0.00907092449819303,-0.0383273598788511,-0.0538572994393944,-0.0147580090801249,-0.0172535502556303,-0.0438092316346491,-0.0330185238266162,-0.0648790126412188,-0.0389823090903224,-0.0245986372057407,-0.0205713778053571,-0.515631048070905,-0.066963515569777,-0.0593215519070751,-0.0819141980087309
"UI10.00057.Huron.Sentinel",-1.93830114838334,-0.598829212604811,-0.139172306491122,0.0670104164001108,0.0682811165840191,0.126645371183726,0.166508818591124,0.00483045288839777,0.00592100345845244,0.0153690764800421,0.0257550772968648,0.010768109113512,0.0118251849073861,0.0174491486263201,0.0153832818751306,0.0238677001339058,0.00736710567671884,0.00138559753848929,0.00831597794884182,0.227912382246452,0.0307797740581376,0.0276482438415991,0.0251321098188019
"UI10.00060.July",0.418671429791232,0.13381522363537,0.042598452512081,-0.154859065804278,-0.18044037478459,-0.4958126927036,-0.63060800713822,-0.0109467794816814,-0.0152764229051282,-0.0620536326995858,-0.0885149909521747,-0.0256272314989805,-0.0282175288320222,-0.0655545614432753,-0.0489106294899287,-0.127151134180634,-0.0723056655900357,-0.0385630961776034,-0.0309322523394616,-0.836626321898394,-0.109714680672653,-0.0901905399914659,-0.154062485521693
"UI10.00061.Kaskade",0.563526247464944,0.600509069860782,0.92144829571203,-0.0931824508331503,-0.102197581596702,-0.296682447641629,-0.372960632545192,-0.00673360523456271,-0.00909663594568748,-0.0371811168373647,-0.0530433540211268,-0.0167869253824502,-0.0168719381058561,-0.0402058046023865,-0.0285695404512847,-0.080018562592399,-0.0347167721186233,-0.0219490547392409,-0.0186566621948675,-0.496194040152554,-0.0657553909512813,-0.0547205292268308,-0.0915911224001605
"UI10.00062.Kirk.Alexander",-0.818941720566374,-0.464126208631881,0.373366421795441,0.0893718228414316,0.0989134929184276,0.231692032026704,0.287338010618378,0.00691721702965659,0.00858407589934694,0.027752861566267,0.0428965677073517,0.0140099637649947,0.0147990711874546,0.0268689780270547,0.0284641480822859,0.0940086833722921,0.0426286393713605,0.0287543093579962,0.018314395262402,0.391915270603015,0.0521905504167181,0.0434795594299968,0.108494990680896
"UI10.00063.Kleine.Fontaine",-0.540836142729112,-0.657640177584734,-0.20655905304952,0.0652935982219758,0.0708084946216164,0.182393387701106,0.230177473138104,0.00466381956634812,0.00614443290912037,0.0218339715003632,0.0316444041970037,0.00983799260267832,0.0101930309550268,0.023983608616038,0.0201361125079362,0.0405759219543097,0.0286605422533932,0.0185176681457862,0.0110674069586456,0.308997708531914,0.0392013800172648,0.0343161041179694,0.0535646331317905
"UI10.00064.Kleine.Silberspinne",-1.39999054234871,-3.14243006072996,-1.38046215501725,-0.0537450543863545,-0.0661555791136885,-0.148565655217881,-0.195344893538547,-0.00408421397199762,-0.00597618533509022,-0.0202378451325962,-0.0277527673477017,-0.00899671183259958,-0.00880809244116984,-0.0184147749706458,-0.0158357086751067,-0.0234534287098099,-0.0181288389853989,-0.0103325111058652,-0.0103740134705272,-0.259511409653685,-0.0350823256446558,-0.0272443714442807,-0.032331962186263
"UI10.00066.Little.Nickey",1.23257263551882,1.41270167337916,0.437260283469588,0.113919998282435,0.127530541053091,0.32591879550714,0.406714534992778,0.00821764614498497,0.0110844222799334,0.0432088542956083,0.0538358549604453,0.0199088188910785,0.0177729574675232,0.0443705374585214,0.0284641480822859,0.0940086833722921,0.0426286393713605,0.0287543093579962,0.018314395262402,0.548386323046965,0.0702649649108609,0.0588744287023833,0.108494990680896
"UI10.00070.Minuette",1.81549288418986,0.97439001703584,0.459037424490569,-0.0668145642124568,-0.0577837445162787,-0.159596658366013,-0.211725222166746,-0.00516543037679183,-0.00538798660824727,-0.0185805206254263,-0.0286880688044154,-0.0119823677354204,-0.00759556144817217,-0.0232242773808352,-0.0159688777767757,-0.0571665143563226,-0.0152403386976825,-0.0114695594670618,-0.0108833136410989,-0.279102731241853,-0.0349244551549335,-0.0313665333325205,-0.0596927749611847
"UI10.00071.Morning.Light",1.29860412746478,1.63218879731599,0.400517450849671,-0.102563644808366,-0.0932559200634094,-0.280397894801741,-0.356059156842487,-0.00741910912993743,-0.00829686231772485,-0.0360681365238393,-0.0502090311688336,-0.0140223797648581,-0.0162586255990246,-0.0399779878547474,-0.0249836828404497,-0.065828205040111,-0.0385813270555146,-0.0351347868431545,-0.0153145475948486,-0.47375066919641,-0.062809440735133,-0.0516291996118673,-0.0845228315231234
"UI10.00072.Mt.Washington",-1.90705288384295,-1.54566740693192,-0.574698150619879,-0.0562891899730929,-0.0693372329959935,-0.16144874894709,-0.225443332392126,-0.00484752388806706,-0.00571780947773117,-0.0208226595613051,-0.03082504055106,-0.0105593391114508,-0.0110506383003105,-0.0168535039356216,-0.0172171657784895,-0.0364263362067042,-0.0240276004835462,-0.000891914092186153,-0.00305692718153894,-0.290912461193048,-0.0379280352122124,-0.0279327136215263,-0.0413571807548662
"UI10.00073.Mysterious.Maiden",-3.20823230530526,-2.8526261178454,-1.17726560310017,0.0626892304495446,0.0677999011352644,0.127535124824358,0.160403675778198,0.00448363678026483,0.00529953819018553,0.0169941403811102,0.0209138411151256,0.0107066476276071,0.00844079201240723,0.0172838645807889,0.0138759635467863,0.0429443616390343,0.0164429628716255,0.00871739167048723,0.00345639572454109,0.222918470785512,0.0276950469227915,0.0257311934199539,0.0459853876901892
"UI10.00074.Nippon",-0.881662838692345,-0.670973992442519,-0.2625948451062,0.0854946822257428,0.0947326855517108,0.213878964464772,0.270419525319485,0.00623365690389142,0.00772451855454869,0.027752861566267,0.0372465865158363,0.0140099637649947,0.0118251849073861,0.0268689780270547,0.0219237149787079,0.058938191753099,0.0426286393713605,0.0287543093579962,0.018314395262402,0.366982100013138,0.0474611329291056,0.0390708276952547,0.0792287680043265
"UI10.00075.November.Sunset",-0.455333670280115,-0.0223092569724485,-0.0168395116049981,0.0327328032563815,0.0400696943482584,0.111885611349747,0.117380749392801,0.00218542635609105,0.00382082002095592,0.0144299827893053,0.016174857608415,0.00524501738134027,0.00572360494471145,0.0118467186495776,0.00800426544814395,0.0207285850691171,0.00546550433569435,0.0080812264592142,0.00361007162379745,0.169545635920052,0.0219734895727414,0.0161958231113865,0.0226940151307584
"UI10.00078.Puenktchen",-1.42749614058198,NA,NA,-0.0573585254759081,-0.0508081789717837,-0.126484129234493,-0.180996007021203,-0.00388491675171937,-0.00397611301667033,-0.0140085653266737,-0.026374208605591,-0.0105006318654693,-0.00496591551249826,-0.0200582889133796,-0.019354578346966,-0.0328648933198633,-0.020986198852566,-0.0213516856732812,-0.0179282154048319,-0.233026171756911,-0.0301259895091659,-0.0297197603002802,-0.0461642705432995
"UI10.00079.Rigoletto",-2.31582427306553,-2.65290326747405,-1.34720199596461,0.036072599340363,0.0392465633487094,0.112622349955965,0.14719691734762,0.00267671487435721,0.00289684288001225,0.0138626918420743,0.0209823927499986,0.00681068187028827,0.00440436185271488,0.0163262824509013,0.0125899365197654,0.0257663468136692,0.00783932559761071,0.00817284476739789,0.00804638047384469,0.192802729898243,0.0254326684214732,0.0220674347476357,0.0288389223641828
"UI10.00080.Roland",-0.0860579143046598,0.0853866035210682,-0.220429463181753,-0.126308457062958,-0.147642795606994,-0.377099733590221,-0.488763408011069,-0.00966121179946925,-0.0124074805520118,-0.0503586490404893,-0.0668539445336991,-0.0214421373990104,-0.0212762295633274,-0.0528870797912363,-0.0393254613321648,-0.0914317314963882,-0.0531768554107808,-0.0270973676672062,-0.0224280243673098,-0.647068939915922,-0.0851275515179023,-0.0724894781820142,-0.111132687941335
"UI10.00081.Roter.Pfeil",-0.240247221858564,-0.794951615682724,0.547096476270667,0.0597090421868596,0.0599695065216635,0.136784826497513,0.14774015728838,0.0044206740713396,0.00493331980478913,0.017095267811906,0.0210129804164125,0.0103164809954529,0.0087857654628998,0.0192484871201345,0.0114666037943069,0.0233966189942278,0.0147635910626694,0.00424044348938823,0.0083194167775155,0.216664595042859,0.0277739915520272,0.0258454343977377,0.028671217859352
"UI10.00082.Rotsilber",0.434041115162081,0.249811281104842,-0.287770694335103,-0.0706365225242307,-0.0835592946425362,-0.180634627693418,-0.22695130667552,-0.00506962335127732,-0.00733332412618344,-0.0240566895074938,-0.0321083326864511,-0.0120298797216416,-0.0121418118281853,-0.0263331175482325,-0.0175760343166926,-0.0668982391398758,-0.0345230192506911,-0.021126409231833,-0.0108833136410989,-0.309321759590139,-0.0410505735838275,-0.0358251692461374,-0.0787094455904814
"UI10.00083.Sarabande",-1.24275556616833,-1.91657147573185,-0.835253252510483,-0.0573342143546469,-0.06974639802135,-0.110320757088875,-0.174452660498285,-0.00410186958682017,-0.00625596474204962,-0.0125850955487246,-0.0217979951059206,-0.0086598183844318,-0.0109899771121363,-0.0127793751664846,-0.0137702092974968,-0.0362341026317582,-0.0237683684534038,-0.0147735131666024,-0.00805954272254467,-0.222576578003435,-0.0259859831126642,-0.0224950626003035,-0.0461758812514809
"UI10.00084.Silberfeder",1.96880061360497,1.19004165027148,1.12817030237851,-0.0198932348162021,-0.0148214648133344,-0.0247599444211487,-0.0214101367511979,-0.00156073217426033,-0.00118950290154083,-0.0042250545338617,-0.00518395330311564,-0.00271966817852457,-0.00290840244111039,-0.00539813096144383,-0.00287115236366708,-0.00815650772425286,-0.00940268544535671,-0.00765012104295822,-0.00186805984668722,-0.0378525373656747,-0.00690364388820695,-0.00713579382605317,-0.0133650376456403
"UI10.00085.Silberfeder",-0.0653139880198399,-0.530154465297099,-0.343346541605071,-0.140684451858167,-0.158788718132983,-0.433232174351469,-0.570549651852735,-0.0103405388705225,-0.0134015355258808,-0.0545390324559667,-0.0824276901597262,-0.0242597129596599,-0.0217942283984282,-0.0619260032737373,-0.0489106294899287,-0.100626904365942,-0.0578736322599944,-0.0385630961776034,-0.0309322523394616,-0.746959996309922,-0.100220513019506,-0.0853181006051236,-0.125882321839757
"UI10.00086.Silberfeil",1.73411418650656,0.602920875429552,1.12242488434622,-0.0226532065277854,-0.0256535917650808,-0.0680517529763243,-0.0695036265280701,-0.00163795218280194,-0.00271422199364702,-0.00745022188398397,-0.0102663177404541,-0.00217944273470684,-0.00466368061311749,-0.0101247204241453,-0.00290113970081857,-0.0146812501930763,-0.00625436833997927,-0.00408146497303078,-0.00559756673883361,-0.10251786017471,-0.0130415307630635,-0.0109659393363495,-0.0172229489297664
"UI10.00087.Silberspinne",-0.156857405582627,-0.826848274839755,0.373366421795441,-0.0217077780999822,-0.0246728722281116,0.0722782321949813,0.062075991530187,-0.00152737952036359,-0.00191157195659373,0.00847738607042105,0.00962014310752151,-0.00126478273597214,-0.00357623047909807,0.00495134505589277,0.00479454639620976,-0.0166486145463856,-0.0138511562780805,-0.00160742207483404,-0.00410152877591301,0.0799657778887989,0.0121142084120481,0.00488234936935284,-0.0210150322051464
"UI10.00088.Silberturm",1.21648928633838,0.902783892537748,0.769919435189267,-0.118693689730553,-0.121279992153527,-0.363450867425704,-0.447330368391082,-0.00861705913288736,-0.0107613711867496,-0.0454311311018015,-0.0665756573578837,-0.0201406015866059,-0.0192982824497027,-0.0502593421456343,-0.0364424196916924,-0.123046720077566,-0.0531948917874885,-0.0378687186913371,-0.0167316195410651,-0.600739765062987,-0.0817531456802833,-0.0680529826716033,-0.139484867111959
"UI10.00089.Sirene",-1.16807873862194,-0.744425411635092,-0.108213407380084,-0.00583603167716844,-0.0125455474768625,-0.0641794924870026,-0.0582069970902323,-0.000625188881365506,-0.00123076644479125,-0.00901390326871035,-0.00885845620064828,-0.000947954470800752,-0.00322120760739063,-0.00598683190914312,-0.00574016155502982,0.00503328857486553,-0.00277127277368073,-0.00675079751848238,-0.00251335454757482,-0.0856408592026945,-0.012483802204031,-0.00871359782521415,0.000548427819773811
"UI10.00090.Stardust",-0.847493007791878,-0.400951185981468,0.0649625151483566,-0.0790847656536739,-0.0914956550550842,-0.326571232959265,-0.439278096491016,-0.00542471416123396,-0.00842691150309128,-0.0420500019282956,-0.0597849341785975,-0.0120751963076373,-0.0144762915639978,-0.0465554183891791,-0.0310100229927856,-0.0571649292266769,-0.0350694182328798,-0.0319691535076641,-0.026517452814228,-0.55861279057619,-0.0737021982245746,-0.0586891478946229,-0.0772210823995058
"UI10.00092.Strictus",-1.59752072672455,-1.79759896906718,-0.865063218062096,0.0731419575978407,0.0771687838746115,0.239972626726889,0.326638752903707,0.0055058061389398,0.00629360428929773,0.0308402377657612,0.0471099588351322,0.0114608367492832,0.00927577255283642,0.0359351386426319,0.028850635260453,0.0702737008491996,0.0361216525660617,0.0235567399463549,0.019708616304467,0.418440547510185,0.0568553043832061,0.0480617374929635,0.0847347931870457
"UI10.00094.Super.Stripe",-0.394939868810191,0.0780460251951304,-0.407653501145468,0.0721392117133162,0.0809512282020953,0.19041394501158,0.212701772488041,0.0054054473457447,0.00655874308928117,0.0227778397864694,0.0308293750216628,0.0137175366765539,0.0115303328089203,0.0261999283420537,0.0148439556460138,0.058938191753099,0.0249978725240395,0.0150699534482425,0.00831597794884182,0.304194500093152,0.0392238087043096,0.0345483830396553,0.0657770971560775
"UI10.00096.Undine",0.242301140516529,-0.256988160030919,-0.0727435583910369,-0.127743927362886,-0.139683909152111,-0.335112763439104,-0.422165005599831,-0.00936942351919105,-0.0123701648631038,-0.0417388777751266,-0.0607358022166763,-0.0211815201881047,-0.0208149488833224,-0.0486849734604998,-0.0366808823125165,-0.121157537170104,-0.0536507168778684,-0.0342756908401089,-0.0204187738029153,-0.570751537275264,-0.0752711396288781,-0.0677532176093538,-0.137815313363663
"UI10.00097.Variegatus",-0.852489961365103,-1.12642516422287,-0.0872028448674723,0.0241390675736542,0.0262780199112365,0.0471457703871648,0.0576608042600557,0.00180414548875814,0.00245750325012551,0.00703418783632927,0.00733794841752881,0.00352926442413862,0.00448543360159799,0.00736305384387002,0.00260133286550663,0.0210386666264074,0.00514925622354776,0.00464357546253502,0.000912754628167793,0.0816304222125378,0.0104365623795482,0.00911018000216435,0.0212579967793155
"UI10.00099.Wetterfahne",-3.17486989845505,-1.96895004704232,-1.51008989821321,0.0389206270436766,0.0382390846116215,0.0679054616459631,0.0693258593984074,0.00281487126711856,0.00290909667494737,0.00657675968563947,0.0101969092587116,0.00656299239947573,0.00646713691534982,0.00653405200812038,0.0050449250519523,0.02887804546702,0.0100280020359054,0.00373933756407685,0.00526356376518305,0.108185744864183,0.0126440094832154,0.0112651058268497,0.0304818815394022
"UI10.00101.Yaku.Jima.Dwarf",3.14426601083842,2.51078981463494,1.06329922764435,-0.0949830605238413,-0.103575940723659,-0.316312386502463,-0.40684787976563,-0.0072687053377025,-0.00883780194889215,-0.0387636390807736,-0.05753133290574,-0.016536927576995,-0.014755548592933,-0.0438312661900549,-0.0347317697098968,-0.085285198613725,-0.0274436807516579,-0.0261888031266303,-0.0173743546684798,-0.53391486972889,-0.0702805518113966,-0.060078410688337,-0.0939105966983152
"UI10.00102.Zebrinus",0.234483652350013,0.241581306817037,0.0576099143230609,-0.0356475055285067,-0.0466282176526785,-0.0907149949746121,-0.125340013402468,-0.00288304010585037,-0.00454710274183369,-0.0108628529550845,-0.019612530459785,-0.00771959880680464,-0.00785239626414788,-0.0115242712749612,-0.0091721745701299,-0.0248371389145738,-0.00700469077358452,-0.00962264707977736,-0.00962425574269548,-0.164895682059921,-0.0228786621951576,-0.0179077822457612,-0.0284640342814337
"UI10.00104.Zwergzebra",-0.661480350087923,-1.10268959970666,0.149953844522576,-0.108598559398236,-0.119534710331193,-0.356004830629997,-0.418975903065387,-0.00783682917980544,-0.0105029788288852,-0.0441689196201328,-0.0600279106913001,-0.017538117870662,-0.0162355087544048,-0.0508591777510723,-0.0355314065721017,-0.0893840159572542,-0.044819962342648,-0.0350908682036959,-0.020571377805357,-0.572713109184662,-0.075658107185986,-0.0663846818057847,-0.107870583385976
"UI10.00106.transmorrisonensis",-1.79718030285624,-1.93976572802674,-0.669396766171351,0.00329613096303195,-0.0070806841900598,0.0239743005492474,0.0452580026299394,8.57080264156597e-05,-0.000718485969465712,0.000385556377468362,0.00491772668349105,-0.000120342116628181,-0.00124996195686574,-0.00198912902118102,0.000778658283896786,0.0125420967081574,0.00115556538758968,0.00408572248517259,0.000305456868707131,0.0472985715340048,0.0040748848791214,-0.00142422738404405,0.01220593889297
"UI11.00009.Positano",-1.13374935601148,-1.29635960687237,-0.0807675272306402,-0.0692924802383541,-0.0836291754958716,-0.161944150247046,-0.226322469772398,-0.00513121992671155,-0.00748321788490948,-0.0188868825453373,-0.0309417104711568,-0.0107863980800824,-0.0122211058248394,-0.0195011770159553,-0.0192522920477263,-0.0505120229139412,-0.0312264567971433,-0.0199499967885398,-0.0170413474177832,-0.297483126874316,-0.0371976421704302,-0.0313846318299694,-0.064587657675253
"UI11.00024.Flamingo",0.515390047945909,0.641596753632648,-0.149433067909039,-0.143742878609542,-0.172072356370185,-0.402335170641277,-0.503867488397406,-0.010413792406758,-0.0149204905459712,-0.0523262583642437,-0.0693878665413524,-0.0244163148333292,-0.0269960555868918,-0.0595611380783249,-0.0397380378049818,-0.127151134180634,-0.0723056655900357,-0.0455830992016514,-0.0240250026500587,-0.682065420964285,-0.0887161868582533,-0.0800879297075491,-0.154678839442068
"UI12.00001.Zwergelefant",-1.04734128376123,-1.24469116907965,-0.165847927301903,-0.108778612005253,-0.123330186561524,-0.349103043225812,-0.440164558177512,-0.00806208349835701,-0.0109064122981075,-0.0437210107232972,-0.0610290682217663,-0.0191028425497147,-0.0191663947088575,-0.0498514011182258,-0.0372251550594949,-0.0873647894585968,-0.0376039456776276,-0.0397456878609838,-0.0274786274947603,-0.585336654790896,-0.0762876084130874,-0.0678451049341861,-0.105952938125167
"UI12.00002.Malepartus",2.08898618527895,1.7294865705411,0.372601755224647,-0.151890051721535,-0.162739418058484,-0.426306858659003,-0.531813653158555,-0.0109265701670319,-0.01373484112116,-0.0546205261049768,-0.0745363805910709,-0.0242597129596592,-0.024237174888688,-0.0589536646505752,-0.0441128752455423,-0.113889019273288,-0.0578736322599944,-0.0385630961776034,-0.0309322523394616,-0.716853487307409,-0.0940444339290137,-0.0812051908975066,-0.136949517938834
