"Name","Chromosome","Position"
"PstI.TP506588",1,80675
"PstI.TP863331",1,161269
"PstI.TP424788",1,263370
"PstI.TP931820",1,284314
"NsiI.TP148773",1,285352
"PstI.TP1106845",1,416796
"PstI.TP999740",1,569491
"NsiI.TP585976",1,829048
"PstI.TP1152021",1,865447
"PstI.TP716618",1,918921
"PstI.TP1246584",1,1015480
"PstI.TP354591",1,1050082
"PstI.TP856852",1,1153760
"PstI.TP775725",1,1175417
"NsiI.TP72077",1,1422420
"NsiI.TP796534",1,1682668
"PstI.TP929619",1,1952038
"PstI.TP417865",1,2030761
"NsiI.TP666080",1,2031570
"PstI.TP885267",1,2084430
"PstI.TP56795",1,2315051
"PstI.TP966432",1,2596832
"PstI.TP441536",1,2816855
"PstI.TP1085601",1,2820903
"PstI.TP525202",1,2884119
"PstI.TP1268585",1,2988383
"PstI.TP59735",1,3027630
"PstI.TP849876",1,3050119
"PstI.TP209693",1,3305106
"PstI.TP626124",1,3342723
"PstI.TP1059573",1,3357749
"NsiI.TP504485",1,3381640
"PstI.TP1244443",1,3397749
"PstI.TP1199997",1,3471828
"PstI.TP757375",1,3471897
"PstI.TP726521",1,3535515
"PstI.TP374511",1,3576636
"PstI.TP1267977",1,3576713
"PstI.TP1155202",1,3620639
"PstI.TP961085",1,3705536
"PstI.TP21889",1,3705780
"PstI.TP1053336",1,3955998
"NsiI.TP403662",1,3957731
"PstI.TP891020",1,4033768
"PstI.TP629259",1,4276027
"PstI.TP629254",1,4276045
"PstI.TP140451",1,4460094
"PstI.TP403850",1,4535788
"NsiI.TP468762",1,4620729
"PstI.TP307588",1,4762662
"PstI.TP920636",1,4777048
"PstI.TP947391",1,4891496
"PstI.TP683907",1,4900973
"PstI.TP402429",1,4990016
"PstI.TP1126882",1,5115206
"PstI.TP684655",1,5379329
"NsiI.TP556033",1,5459542
"NsiI.TP367540",1,5460609
"PstI.TP928135",1,5502147
"PstI.TP476949",1,5536792
"PstI.TP677745",1,5751851
"PstI.TP739422",1,5776555
"PstI.TP705967",1,5858828
"PstI.TP1252197",1,5912854
"PstI.TP116123",1,5967108
"PstI.TP804275",1,5979740
"PstI.TP523933",1,6018181
"PstI.TP722242",1,6187691
"NsiI.TP488601",1,6409370
"PstI.TP1015835",1,6514843
"PstI.TP547229",1,6574881
"PstI.TP272307",1,6679965
"PstI.TP841428",1,6731433
"PstI.TP1136661",1,6752030
"PstI.TP444825",1,6930877
"NsiI.TP350497",1,6933742
"NsiI.TP800074",1,6979429
"PstI.TP806450",1,7007771
"PstI.TP443586",1,7215893
"PstI.TP488378",1,7260223
"NsiI.TP375218",1,7321465
"PstI.TP712786",1,7449325
"PstI.TP1173447",1,7571007
"NsiI.TP432315",1,7822652
"PstI.TP614866",1,7824409
"PstI.TP973605",1,7933170
"PstI.TP972953",1,7984963
"PstI.TP36329",1,8029204
"PstI.TP308053",1,8330660
"PstI.TP424566",1,8533790
"PstI.TP302093",1,8923298
"PstI.TP461927",1,9014162
"PstI.TP443245",1,9039678
"PstI.TP550784",1,9140137
"PstI.TP581769",1,9144035
"PstI.TP745827",1,9270379
"PstI.TP456141",1,9284445
"PstI.TP974726",1,9504539
"NsiI.TP134750",1,9511955
"PstI.TP701371",1,9558859
"PstI.TP390724",1,9756005
"PstI.TP258967",1,9761381
"NsiI.TP727325",1,9821700
"PstI.TP377612",1,9851429
"PstI.TP377610",1,9851445
"PstI.TP1001875",1,9929490
"PstI.TP120265",1,9929566
"PstI.TP145867",1,9990979
"PstI.TP498398",1,10010021
"PstI.TP1106149",1,10181736
"NsiI.TP664565",1,10300447
"PstI.TP593918",1,10465079
"NsiI.TP360999",1,10465743
"PstI.TP323026",1,10477035
"PstI.TP91211",1,10530796
"PstI.TP488889",1,10576905
"PstI.TP948493",1,10639570
"PstI.TP980214",1,10687788
"PstI.TP667320",1,10965394
"PstI.TP869093",1,11187262
"PstI.TP835148",1,11456164
"PstI.TP319571",1,11815150
"PstI.TP1288084",1,11935767
"PstI.TP939213",1,11990855
"PstI.TP301133",1,12137712
"NsiI.TP690036",1,12138480
"PstI.TP181460",1,12172878
"PstI.TP308387",1,12249163
"PstI.TP419952",1,13194145
"PstI.TP770895",1,13263569
"PstI.TP726878",1,13263594
"NsiI.TP146220",1,13426299
"PstI.TP775845",1,13537099
"NsiI.TP819777",1,14025316
"PstI.TP473065",1,14979768
"PstI.TP994295",1,15000089
"NsiI.TP258606",1,15160092
"PstI.TP745600",1,15174350
"NsiI.TP190002",1,15394010
"PstI.TP37494",1,15597809
"PstI.TP364469",1,15807512
"PstI.TP548596",1,16432580
"PstI.TP1150194",1,16733554
"PstI.TP1062903",1,16796019
"PstI.TP875497",1,17132096
"PstI.TP270063",1,17132801
"NsiI.TP347636",1,17221327
"PstI.TP311967",1,17610629
"PstI.TP907404",1,18035898
"PstI.TP353784",1,18167193
"PstI.TP510832",1,18167351
"NsiI.TP20060",1,18191763
"PstI.TP1183011",1,18308062
"PstI.TP460935",1,18308167
"PstI.TP533117",1,18662889
"PstI.TP166501",1,18793961
"PstI.TP298371",1,19099334
"PstI.TP458499",1,19100550
"PstI.TP579186",1,19637965
"PstI.TP574132",1,19943823
"PstI.TP890955",1,20013544
"PstI.TP890977",1,20013575
"NsiI.TP352570",1,20251715
"NsiI.TP440927",1,20252244
"PstI.TP1239144",1,20685889
"PstI.TP851166",1,21305923
"PstI.TP791712",1,21320307
"PstI.TP198890",1,21626192
"PstI.TP1074331",1,21885836
"PstI.TP761935",1,22258955
"NsiI.TP304101",1,22335385
"PstI.TP1133775",1,23057893
"PstI.TP1020277",1,23246220
"PstI.TP1256502",1,23777666
"PstI.TP884909",1,23972025
"PstI.TP399827",1,24803273
"PstI.TP98839",1,25165051
"PstI.TP543090",1,25480362
"PstI.TP21552",1,26847368
"PstI.TP757921",1,26848011
"PstI.TP288641",1,27158173
"PstI.TP176880",1,28241729
"PstI.TP896979",1,28970255
"PstI.TP150197",1,30650620
"PstI.TP31070",1,30825121
"PstI.TP510044",1,31327463
"PstI.TP1104697",1,34536264
"PstI.TP231608",1,46403489
"PstI.TP1213378",1,46786394
"PstI.TP286748",1,49731278
"PstI.TP261824",1,50142562
"PstI.TP1189297",1,50142670
"PstI.TP122157",1,50223254
"PstI.TP15027",1,50852753
"PstI.TP1138376",1,51888724
"PstI.TP481755",1,51889649
"PstI.TP452799",1,52828554
"PstI.TP1134497",1,53143016
"PstI.TP378778",1,54121051
"PstI.TP665437",1,54999161
"PstI.TP160672",1,55685308
"PstI.TP1167747",1,56262223
"PstI.TP1007712",1,56295361
"PstI.TP1255073",1,56318472
"PstI.TP309283",1,56385216
"NsiI.TP742789",1,56568036
"PstI.TP822327",1,56871868
"PstI.TP377200",1,56910407
"PstI.TP1041006",1,57001520
"PstI.TP807213",1,57183105
"PstI.TP1165736",1,57192298
"PstI.TP264010",1,57283338
"PstI.TP445858",1,57330069
"NsiI.TP459313",1,57397568
"NsiI.TP758763",1,57499558
"PstI.TP1152180",1,57665941
"NsiI.TP755202",1,57718474
"PstI.TP9065",1,57881166
"PstI.TP708344",1,57964831
"PstI.TP720409",1,58165134
"PstI.TP306310",1,58165810
"NsiI.TP20336",1,58285925
"NsiI.TP326794",1,58346265
"PstI.TP607895",1,58398018
"NsiI.TP509280",1,58994548
"PstI.TP975092",1,59040624
"PstI.TP502131",1,59426545
"PstI.TP816116",1,59685970
"NsiI.TP45219",1,60042018
"PstI.TP457393",1,60097068
"PstI.TP1185674",1,60148122
"NsiI.TP337751",1,60167980
"NsiI.TP94007",1,60313546
"PstI.TP110030",1,60421130
"PstI.TP1014707",1,60949616
"PstI.TP774975",1,61157443
"PstI.TP1246681",1,61289286
"PstI.TP365645",1,61353360
"PstI.TP1040444",1,61649660
"PstI.TP483846",1,61901448
"PstI.TP288904",1,62080065
"PstI.TP153019",1,62238600
"NsiI.TP462536",1,62433879
"PstI.TP1235985",1,62443684
"PstI.TP116028",1,62738111
"PstI.TP332665",1,62857264
"PstI.TP1032405",1,62899325
"PstI.TP834485",1,62936010
"PstI.TP420801",1,62946889
"PstI.TP428256",1,63323451
"NsiI.TP56624",1,63509426
"PstI.TP84880",1,63680478
"PstI.TP59594",1,63737514
"NsiI.TP267317",1,63808055
"PstI.TP622702",1,63849924
"PstI.TP403217",1,63867116
"PstI.TP816739",1,64060896
"NsiI.TP188409",1,64102768
"PstI.TP1252633",1,64114120
"PstI.TP820348",1,64116607
"NsiI.TP88778",1,64177819
"PstI.TP1281541",1,64484981
"PstI.TP997652",1,64799296
"PstI.TP833589",1,64801253
"PstI.TP691274",1,64882579
"PstI.TP944748",1,64883503
"NsiI.TP55636",1,64902964
"PstI.TP876794",1,65066495
"PstI.TP961110",1,65184135
"PstI.TP477712",1,65237054
"PstI.TP197677",1,65249144
"PstI.TP669936",1,65249574
"PstI.TP358803",1,65256453
"PstI.TP924658",1,65264909
"NsiI.TP615624",1,65289533
"PstI.TP68682",1,65572744
"PstI.TP966260",1,65795867
"PstI.TP530837",1,65836675
"NsiI.TP117758",1,66087512
"PstI.TP46198",1,66096584
"PstI.TP69498",1,66230707
"NsiI.TP66906",1,66339343
"NsiI.TP763660",1,66404152
"NsiI.TP482264",1,66520178
"PstI.TP393536",1,66632271
"PstI.TP1084761",1,66720416
"NsiI.TP575744",1,66841969
"NsiI.TP214866",1,66931515
"NsiI.TP459012",1,67058618
"PstI.TP1102564",1,67094571
"PstI.TP94366",1,67316019
"PstI.TP1171121",1,67376990
"PstI.TP787593",1,67474277
"PstI.TP148680",1,67724801
"PstI.TP678255",1,67745947
"PstI.TP209249",1,67863639
"NsiI.TP712037",1,67933970
"PstI.TP420086",1,68042057
"PstI.TP820370",1,68065605
"NsiI.TP624683",1,68159137
"NsiI.TP700374",1,68176238
"PstI.TP1021466",1,68344473
"NsiI.TP576771",1,68414794
"PstI.TP1131578",1,68512918
"PstI.TP929783",1,68577350
"PstI.TP577286",1,68698894
"NsiI.TP252602",1,68982448
"PstI.TP1045708",1,69041513
"NsiI.TP801056",1,69044428
"PstI.TP871336",1,69055455
"PstI.TP884447",1,69119836
"PstI.TP468115",1,69143489
"PstI.TP299690",1,69193739
"PstI.TP754866",1,69204551
"PstI.TP345976",1,69318742
"NsiI.TP19909",1,69328566
"NsiI.TP487741",1,69506512
"NsiI.TP361622",1,69534233
"PstI.TP222462",1,69790547
"PstI.TP317631",1,69806063
"PstI.TP1183728",1,69834022
"PstI.TP687743",1,69969234
"PstI.TP603122",1,70276636
"PstI.TP921276",1,70382591
"PstI.TP452364",1,70416615
"PstI.TP180949",1,70527436
"PstI.TP488184",1,70532632
"PstI.TP448080",1,70586488
"PstI.TP494387",1,70689700
"PstI.TP1205408",1,70741243
"PstI.TP790103",1,70752961
"PstI.TP549992",1,70753172
"PstI.TP665587",1,70753604
"PstI.TP225232",1,70799952
"PstI.TP69823",1,70805200
"NsiI.TP44825",1,70914156
"PstI.TP1046209",1,71112715
"PstI.TP1260916",1,71157310
"NsiI.TP441114",1,71250822
"PstI.TP805461",1,71344044
"PstI.TP1177494",1,71370263
"PstI.TP901545",1,71391273
"NsiI.TP456517",1,71506832
"PstI.TP826904",1,71509086
"PstI.TP773311",1,71563448
"NsiI.TP520596",1,71567399
"PstI.TP352846",1,71717994
"PstI.TP586874",1,71729101
"NsiI.TP214519",1,71815536
"PstI.TP436494",1,71906250
"PstI.TP1259220",1,71924579
"PstI.TP590182",1,71928782
"PstI.TP283526",1,71936668
"PstI.TP1212724",1,72123046
"PstI.TP55623",1,72147488
"NsiI.TP499949",1,72170440
"PstI.TP852297",1,72235992
"PstI.TP843326",1,72291957
"PstI.TP197060",1,72303333
"PstI.TP1136034",1,72327412
"PstI.TP1150061",1,72347889
"PstI.TP91130",1,72585815
"PstI.TP1207347",1,72663921
"PstI.TP82716",1,72737215
"PstI.TP1158409",1,72860093
"PstI.TP339412",1,72911521
"PstI.TP848433",1,72949385
"PstI.TP927424",1,73127829
"PstI.TP1212476",1,73145262
"PstI.TP1047587",1,73170480
"PstI.TP448761",1,73324734
"PstI.TP837664",1,73498170
"PstI.TP249057",1,73523293
"PstI.TP80388",1,73626823
"PstI.TP1088043",1,73790447
"PstI.TP544748",1,73791429
"PstI.TP189129",1,73890221
"PstI.TP187405",1,73910743
"PstI.TP513006",1,73971974
"PstI.TP535893",1,73975816
"PstI.TP334182",1,74360210
"PstI.TP258621",1,74361721
"PstI.TP1032632",1,74402757
"PstI.TP1031498",1,74431906
"PstI.TP706856",1,74539608
"PstI.TP1203869",1,74588086
"PstI.TP95450",1,74768149
"NsiI.TP323224",1,74770262
"NsiI.TP465791",1,74820948
"PstI.TP13346",1,74849030
"PstI.TP304860",1,74969305
"PstI.TP179797",1,74986512
"PstI.TP405184",1,75082559
"PstI.TP710507",1,75154807
"PstI.TP978043",1,75183592
"PstI.TP38227",1,75241998
"PstI.TP241635",1,75313297
"PstI.TP606465",1,75416261
"PstI.TP263305",1,75579096
"PstI.TP1131100",1,75760470
"NsiI.TP506838",1,75823936
"PstI.TP1065133",1,75825553
"PstI.TP306856",1,75848833
"PstI.TP854771",1,75863530
"NsiI.TP35373",1,75917930
"PstI.TP455545",1,75986610
"NsiI.TP352765",1,76099839
"PstI.TP744556",1,76101544
"PstI.TP357677",1,76102511
"PstI.TP747261",1,76107837
"PstI.TP24084",1,76155984
"PstI.TP551527",1,76166616
"PstI.TP742499",1,76179984
"PstI.TP314244",1,76274649
"PstI.TP104467",1,76678896
"PstI.TP52592",1,76810927
"PstI.TP111007",1,76814269
"NsiI.TP457548",1,76928921
"NsiI.TP56323",1,76939788
"NsiI.TP631040",1,76939823
"PstI.TP864305",1,77077806
"PstI.TP543309",1,77166071
"PstI.TP221089",1,77184045
"PstI.TP1151255",1,77213117
"PstI.TP189885",1,77223222
"PstI.TP833275",1,77225365
"PstI.TP315020",1,77386737
"PstI.TP553319",1,77643893
"PstI.TP411298",1,77771698
"NsiI.TP235375",1,77771916
"PstI.TP952321",1,77832524
"NsiI.TP193091",1,77956626
"NsiI.TP806896",1,78145059
"NsiI.TP590554",1,78156460
"PstI.TP130255",1,78156903
"PstI.TP459121",1,78162835
"PstI.TP652837",1,78182401
"PstI.TP588109",1,78200524
"PstI.TP1144768",1,78240904
"PstI.TP966300",1,78332944
"PstI.TP217199",1,78396312
"PstI.TP674153",1,78459110
"PstI.TP1210862",1,78496398
"PstI.TP1221179",1,78509132
"PstI.TP1084987",1,78521283
"NsiI.TP482275",1,78563222
"PstI.TP803259",1,78564283
"PstI.TP837802",1,78565577
"PstI.TP835300",1,78565589
"PstI.TP525604",1,78648237
"PstI.TP151617",1,78724834
"PstI.TP96766",1,78742126
"PstI.TP1072616",1,78788131
"PstI.TP4803",1,78818384
"PstI.TP1195390",1,78927004
"PstI.TP353803",1,78947488
"PstI.TP593279",1,78992355
"PstI.TP434977",1,79165905
"NsiI.TP621776",1,79466998
"PstI.TP291200",1,79471623
"PstI.TP172804",1,79485436
"PstI.TP619305",1,79505879
"PstI.TP1216566",1,79599777
"PstI.TP77067",1,79664579
"PstI.TP1025772",1,79665639
"NsiI.TP454955",1,79688846
"PstI.TP1259171",1,79892318
"PstI.TP245404",1,79960134
"PstI.TP851463",1,80479917
"NsiI.TP655257",1,80728948
"NsiI.TP418719",1,80872893
"PstI.TP703969",1,80877289
"PstI.TP989477",2,124717
"NsiI.TP168250",2,153697
"NsiI.TP39740",2,186613
"PstI.TP157588",2,329470
"PstI.TP576366",2,375350
"PstI.TP199591",2,465963
"NsiI.TP282888",2,675031
"PstI.TP790069",2,699673
"NsiI.TP102717",2,738120
"PstI.TP1263449",2,1474965
"PstI.TP361822",2,1673606
"PstI.TP211963",2,1768552
"PstI.TP470160",2,1964484
"PstI.TP460897",2,2074034
"PstI.TP1120910",2,2555547
"PstI.TP360841",2,2832783
"PstI.TP8678",2,2984246
"PstI.TP972096",2,3042190
"PstI.TP229147",2,3390758
"PstI.TP219584",2,3429973
"PstI.TP458571",2,3669039
"PstI.TP794569",2,3715278
"NsiI.TP505510",2,3810005
"PstI.TP739775",2,3917222
"PstI.TP665435",2,4646947
"PstI.TP342466",2,4686314
"PstI.TP1023443",2,4929930
"PstI.TP297282",2,5214604
"PstI.TP241219",2,5225650
"PstI.TP580104",2,5389101
"PstI.TP741957",2,5655578
"PstI.TP506408",2,7240618
"PstI.TP921414",2,7249958
"PstI.TP223826",2,7685690
"PstI.TP1209642",2,7903969
"NsiI.TP420988",2,7976608
"PstI.TP725918",2,8160952
"PstI.TP1186327",2,8257580
"PstI.TP745911",2,8890642
"PstI.TP577735",2,9251583
"PstI.TP749310",2,9525754
"PstI.TP374085",2,9617733
"PstI.TP845869",2,9862801
"PstI.TP452173",2,10527282
"PstI.TP80826",2,10542416
"PstI.TP1031882",2,10618717
"PstI.TP87823",2,12499508
"NsiI.TP51047",2,13453548
"PstI.TP1200270",2,13518060
"PstI.TP640452",2,13526708
"PstI.TP139749",2,13559614
"PstI.TP947087",2,13610693
"PstI.TP706479",2,14264983
"PstI.TP802029",2,14358830
"PstI.TP108652",2,15963619
"PstI.TP1086412",2,16857975
"PstI.TP197948",2,18537474
"PstI.TP387372",2,18542714
"PstI.TP715121",2,18844611
"PstI.TP1097010",2,19533020
"PstI.TP613714",2,20235279
"PstI.TP718032",2,23093745
"PstI.TP549798",2,23212519
"PstI.TP833228",2,23342056
"PstI.TP18098",2,23769344
"PstI.TP1277536",2,23996480
"PstI.TP551509",2,27803104
"PstI.TP1184522",2,29037914
"PstI.TP840565",2,31129874
"NsiI.TP559985",2,38838033
"PstI.TP941898",2,39949345
"NsiI.TP38533",2,41373269
"PstI.TP117081",2,45986549
"PstI.TP385344",2,46664405
"PstI.TP130960",2,46747557
"PstI.TP883579",2,47758114
"PstI.TP153473",2,49922484
"PstI.TP229716",2,52006699
"PstI.TP1248463",2,52122902
"PstI.TP938200",2,54569410
"PstI.TP695158",2,55008713
"PstI.TP541874",2,55037354
"PstI.TP65472",2,55384747
"PstI.TP476886",2,55394288
"PstI.TP697322",2,55713623
"PstI.TP1223116",2,55714459
"PstI.TP933320",2,56250123
"PstI.TP1122752",2,56295956
"PstI.TP505880",2,56476216
"NsiI.TP694486",2,56476853
"PstI.TP259066",2,56693726
"PstI.TP371503",2,57085223
"PstI.TP249296",2,57415075
"PstI.TP1215732",2,57449553
"PstI.TP738881",2,57512325
"PstI.TP47654",2,57514489
"PstI.TP1179516",2,57731330
"PstI.TP773866",2,57873632
"PstI.TP993272",2,58286678
"PstI.TP64046",2,58295714
"NsiI.TP502909",2,58325149
"PstI.TP451020",2,58599188
"PstI.TP844985",2,58637331
"PstI.TP243328",2,58674737
"PstI.TP76191",2,58722393
"PstI.TP912712",2,58773993
"PstI.TP773670",2,58845474
"PstI.TP951624",2,59246898
"NsiI.TP152407",2,59441712
"PstI.TP738023",2,59441982
"NsiI.TP438769",2,59534222
"PstI.TP930435",2,59600248
"PstI.TP810140",2,59709495
"PstI.TP338856",2,59737782
"PstI.TP632941",2,59755581
"PstI.TP1178906",2,60492006
"PstI.TP1129605",2,60533982
"PstI.TP929497",2,60716322
"NsiI.TP351136",2,61077854
"PstI.TP30748",2,61112102
"PstI.TP694469",2,61192392
"PstI.TP250202",2,61270945
"PstI.TP548709",2,61335066
"PstI.TP577552",2,61335361
"PstI.TP634696",2,61336578
"NsiI.TP464287",2,61339842
"PstI.TP762318",2,61355207
"PstI.TP1008253",2,61356637
"NsiI.TP508238",2,61419445
"PstI.TP1161045",2,61497818
"PstI.TP812943",2,61589887
"PstI.TP975023",2,61638010
"PstI.TP44348",2,61688094
"PstI.TP408602",2,61706850
"PstI.TP641744",2,61738293
"NsiI.TP179278",2,61874011
"PstI.TP1123778",2,61958273
"PstI.TP1148558",2,62049812
"NsiI.TP252714",2,62096963
"PstI.TP89679",2,62129277
"PstI.TP532736",2,62195730
"PstI.TP397490",2,62195783
"NsiI.TP549004",2,62333756
"PstI.TP987666",2,62343916
"PstI.TP1181052",2,62344184
"PstI.TP886589",2,62498521
"PstI.TP710432",2,62555401
"PstI.TP870640",2,62558309
"PstI.TP6025",2,62661228
"NsiI.TP111030",2,62661855
"PstI.TP178231",2,62690478
"PstI.TP1121003",2,62934564
"PstI.TP750514",2,62972310
"PstI.TP454285",2,63153549
"PstI.TP460957",2,63153566
"PstI.TP1217033",2,63330699
"PstI.TP578565",2,63409175
"PstI.TP214763",2,63534053
"PstI.TP1021339",2,63565830
"PstI.TP1022383",2,63575726
"PstI.TP1069784",2,63643324
"PstI.TP982615",2,63682812
"PstI.TP449117",2,63692942
"PstI.TP1025950",2,63727163
"NsiI.TP437484",2,63813676
"PstI.TP228545",2,63881407
"PstI.TP332893",2,63934460
"PstI.TP680879",2,64067358
"PstI.TP1015830",2,64144907
"PstI.TP48914",2,64219114
"PstI.TP632828",2,64238905
"PstI.TP268085",2,64265265
"PstI.TP136266",2,64424937
"PstI.TP838455",2,64681502
"PstI.TP150789",2,64840814
"PstI.TP384804",2,65029446
"PstI.TP212672",2,65281161
"PstI.TP550208",2,65391016
"PstI.TP119224",2,65391243
"PstI.TP1080742",2,65475272
"PstI.TP873911",2,65476325
"PstI.TP529734",2,65604246
"PstI.TP636397",2,65617813
"PstI.TP767430",2,65651169
"PstI.TP682301",2,65662699
"PstI.TP138118",2,65682237
"PstI.TP710730",2,65757843
"PstI.TP132033",2,66024864
"PstI.TP585251",2,66036168
"NsiI.TP583360",2,66047191
"PstI.TP1062801",2,66168895
"PstI.TP277119",2,66298262
"PstI.TP277120",2,66298305
"NsiI.TP203885",2,66511978
"NsiI.TP691599",2,66513990
"PstI.TP541274",2,66633323
"PstI.TP214149",2,66672122
"PstI.TP773869",2,66744137
"PstI.TP434461",2,66813498
"PstI.TP977916",2,67063264
"PstI.TP209642",2,67215455
"PstI.TP152556",2,67340962
"NsiI.TP751924",2,67349192
"PstI.TP674426",2,67595892
"PstI.TP1093731",2,67823974
"PstI.TP537688",2,67833294
"PstI.TP963977",2,68012933
"PstI.TP258963",2,68162387
"NsiI.TP208425",2,68199092
"NsiI.TP195995",2,68227771
"PstI.TP948861",2,68614882
"NsiI.TP615647",2,68626980
"NsiI.TP208576",2,68701539
"PstI.TP139651",2,69224467
"PstI.TP343842",2,69334049
"PstI.TP893646",2,69747250
"PstI.TP1165391",2,69968329
"PstI.TP995173",2,70172526
"PstI.TP550469",2,70228783
"PstI.TP860893",2,70230959
"PstI.TP521787",2,70479993
"NsiI.TP688484",2,70530734
"PstI.TP402235",2,70727485
"PstI.TP391279",2,70925840
"NsiI.TP111392",2,71036593
"PstI.TP227133",2,71118714
"PstI.TP1081008",2,71118803
"NsiI.TP388907",2,71256645
"PstI.TP1025634",2,71277610
"PstI.TP876687",2,71285534
"PstI.TP163375",2,71379619
"PstI.TP893748",2,71384719
"PstI.TP1263302",2,71707680
"NsiI.TP56799",2,71751615
"NsiI.TP4875",2,72051507
"NsiI.TP86948",2,72054087
"PstI.TP820804",2,72096898
"PstI.TP911718",2,72102887
"PstI.TP1197317",2,72276730
"PstI.TP681637",2,72313757
"PstI.TP671248",2,72313766
"PstI.TP1000478",2,72314995
"PstI.TP778721",2,72456067
"PstI.TP890801",2,72613106
"PstI.TP432405",2,72662195
"PstI.TP450294",2,72761555
"PstI.TP814688",2,72959515
"NsiI.TP132109",2,72971977
"PstI.TP119425",2,73077344
"PstI.TP503391",2,73095782
"PstI.TP124082",2,73100016
"NsiI.TP450783",2,73164177
"PstI.TP1066472",2,73495691
"NsiI.TP820576",2,73503160
"PstI.TP689286",2,73563234
"PstI.TP425439",2,73607787
"PstI.TP336193",2,73663045
"PstI.TP770044",2,73737012
"PstI.TP1231486",2,73904492
"PstI.TP1083210",2,74137420
"PstI.TP783653",2,74160306
"PstI.TP229546",2,74208278
"NsiI.TP667943",2,74406586
"NsiI.TP7588",2,74438360
"PstI.TP13629",2,74748191
"PstI.TP51995",2,74836619
"PstI.TP836656",2,74973104
"NsiI.TP502025",2,75191746
"PstI.TP426528",2,75226780
"PstI.TP91738",2,75325372
"PstI.TP433676",2,75336590
"PstI.TP1244481",2,75457518
"PstI.TP523465",2,75496167
"PstI.TP547023",2,75564773
"NsiI.TP164112",2,75774037
"PstI.TP988947",2,76243149
"NsiI.TP39913",2,76409395
"PstI.TP881184",2,76620224
"PstI.TP1171163",2,76656926
"NsiI.TP439822",2,76701841
"PstI.TP360583",2,76751283
"PstI.TP682522",2,77263024
"PstI.TP187879",2,77384233
"PstI.TP1110944",2,77475197
"PstI.TP338015",2,77540960
"PstI.TP1184179",3,25531
"PstI.TP1264040",3,25831
"NsiI.TP436966",3,208286
"PstI.TP1267260",3,273484
"PstI.TP927956",3,304752
"NsiI.TP388426",3,311330
"PstI.TP1107212",3,326411
"NsiI.TP45036",3,389776
"PstI.TP269152",3,390266
"NsiI.TP533643",3,471619
"PstI.TP693626",3,692292
"NsiI.TP565172",3,944664
"PstI.TP109994",3,998411
"PstI.TP1030217",3,1141809
"PstI.TP875104",3,1447825
"PstI.TP487778",3,1541283
"PstI.TP1157898",3,1576323
"PstI.TP1004455",3,1576742
"PstI.TP1096280",3,1833730
"NsiI.TP304764",3,1836392
"PstI.TP1064534",3,1870807
"PstI.TP166481",3,1960833
"NsiI.TP213627",3,2064923
"PstI.TP267556",3,2124660
"NsiI.TP114895",3,2441296
"PstI.TP789303",3,2503265
"PstI.TP545419",3,2528853
"PstI.TP513843",3,2577255
"PstI.TP1010623",3,2603844
"PstI.TP65271",3,2656013
"NsiI.TP441693",3,2660294
"PstI.TP1184603",3,2835614
"NsiI.TP482724",3,2931654
"PstI.TP452304",3,2977792
"NsiI.TP702580",3,2998523
"PstI.TP1140972",3,3019093
"PstI.TP190927",3,3236781
"PstI.TP1114836",3,3245214
"PstI.TP603772",3,3389590
"PstI.TP926743",3,3522183
"PstI.TP1123380",3,3557266
"PstI.TP831757",3,3676028
"PstI.TP831752",3,3676042
"PstI.TP906726",3,3716611
"PstI.TP1277784",3,3752097
"NsiI.TP4640",3,3845881
"PstI.TP1075072",3,3875096
"NsiI.TP774307",3,3883631
"PstI.TP547839",3,4042596
"PstI.TP831238",3,4140006
"PstI.TP811351",3,4140044
"PstI.TP286131",3,4213473
"PstI.TP906047",3,4276001
"PstI.TP725292",3,4449847
"PstI.TP653230",3,4507877
"PstI.TP534942",3,4552949
"PstI.TP74252",3,4598161
"PstI.TP967109",3,4646186
"PstI.TP1164205",3,4663279
"PstI.TP368020",3,4665593
"PstI.TP747067",3,4707934
"PstI.TP691334",3,4847914
"PstI.TP643379",3,5147929
"PstI.TP213720",3,5231540
"PstI.TP174297",3,5563037
"NsiI.TP440766",3,5753690
"PstI.TP762772",3,6044042
"PstI.TP188641",3,6088178
"PstI.TP308152",3,6124917
"PstI.TP1246489",3,6130583
"PstI.TP1206934",3,6141050
"PstI.TP398580",3,6360865
"PstI.TP154327",3,6603820
"NsiI.TP426185",3,6645847
"NsiI.TP561476",3,6721083
"PstI.TP1153192",3,6746550
"PstI.TP678449",3,6895124
"PstI.TP65397",3,7162104
"PstI.TP317707",3,7227117
"PstI.TP238084",3,7339640
"NsiI.TP527435",3,7664263
"NsiI.TP502976",3,7719502
"NsiI.TP458763",3,8481480
"PstI.TP1227132",3,8500895
"PstI.TP132940",3,8690384
"PstI.TP1208950",3,8740326
"PstI.TP810363",3,8828897
"PstI.TP241235",3,9336109
"PstI.TP1064081",3,9621573
"PstI.TP735032",3,9654444
"PstI.TP1027916",3,9697919
"PstI.TP56525",3,9789280
"NsiI.TP755529",3,10065212
"PstI.TP849286",3,10316458
"PstI.TP691574",3,10455989
"PstI.TP718531",3,10722354
"PstI.TP433171",3,10952394
"NsiI.TP255959",3,11040031
"PstI.TP910355",3,11278736
"PstI.TP853014",3,11408141
"PstI.TP1217016",3,11532831
"PstI.TP115547",3,11558444
"NsiI.TP434679",3,11842346
"PstI.TP597894",3,12103125
"PstI.TP1266207",3,12109877
"PstI.TP413401",3,12299683
"PstI.TP273678",3,12316343
"PstI.TP460053",3,12467100
"PstI.TP208155",3,12469663
"PstI.TP211419",3,12715735
"PstI.TP308412",3,12715828
"PstI.TP861895",3,12987175
"NsiI.TP439808",3,13233852
"PstI.TP1069357",3,13624208
"PstI.TP157488",3,14637148
"PstI.TP1123006",3,15144093
"PstI.TP356415",3,15356034
"PstI.TP1270439",3,15756535
"NsiI.TP616451",3,15756558
"PstI.TP419523",3,15768751
"PstI.TP730744",3,16373477
"PstI.TP662534",3,16373499
"NsiI.TP620135",3,16826264
"PstI.TP773027",3,16863797
"NsiI.TP733536",3,17102485
"PstI.TP197187",3,17294454
"NsiI.TP580323",3,18001535
"PstI.TP898958",3,18783182
"PstI.TP246975",3,19673688
"PstI.TP731882",3,19716780
"PstI.TP715461",3,20004205
"PstI.TP933353",3,24835175
"PstI.TP461080",3,29174937
"PstI.TP118856",3,37389858
"PstI.TP1256120",3,48694888
"PstI.TP1005487",3,49717109
"NsiI.TP246083",3,49774550
"PstI.TP609001",3,50049992
"NsiI.TP512357",3,50319058
"NsiI.TP470421",3,50564096
"PstI.TP1230172",3,50775530
"PstI.TP541336",3,50804241
"PstI.TP840235",3,50897546
"PstI.TP254515",3,50898097
"PstI.TP354335",3,50899095
"PstI.TP432295",3,50993536
"PstI.TP1068006",3,51034769
"PstI.TP821727",3,51406610
"PstI.TP324481",3,51536521
"PstI.TP38299",3,51647164
"NsiI.TP218789",3,51796050
"PstI.TP793079",3,52368295
"PstI.TP1231136",3,52841481
"NsiI.TP488350",3,53232085
"PstI.TP900003",3,53586609
"PstI.TP951441",3,53917406
"PstI.TP325811",3,54129392
"PstI.TP325958",3,54129415
"PstI.TP318422",3,54362877
"PstI.TP550115",3,54367520
"PstI.TP533617",3,54614431
"PstI.TP141051",3,54726050
"PstI.TP105605",3,54845915
"PstI.TP180781",3,54937150
"PstI.TP982467",3,55023479
"PstI.TP370692",3,55164432
"PstI.TP75872",3,55474631
"PstI.TP63531",3,55525996
"PstI.TP487527",3,55804343
"PstI.TP336268",3,55896402
"PstI.TP415065",3,55917740
"PstI.TP352561",3,55923085
"PstI.TP114052",3,56021734
"PstI.TP224318",3,56022652
"PstI.TP28134",3,56267653
"PstI.TP624446",3,56276161
"NsiI.TP700456",3,56313888
"NsiI.TP268751",3,56723684
"PstI.TP868305",3,57307103
"PstI.TP819138",3,57316499
"PstI.TP759501",3,57715018
"PstI.TP323959",3,57882705
"NsiI.TP491687",3,57924753
"PstI.TP43928",3,57930256
"NsiI.TP557457",3,57953815
"PstI.TP1040438",3,58373947
"PstI.TP797083",3,58432596
"NsiI.TP327447",3,58489021
"PstI.TP1055459",3,58609425
"PstI.TP150005",3,58784404
"NsiI.TP800848",3,59007084
"NsiI.TP44015",3,59016749
"NsiI.TP723406",3,59263477
"PstI.TP998988",3,59275358
"PstI.TP1213036",3,59319881
"PstI.TP134761",3,59529523
"PstI.TP864618",3,59785501
"PstI.TP612450",3,59785572
"PstI.TP925435",3,59813964
"PstI.TP1063373",3,59855371
"PstI.TP1036003",3,59881138
"PstI.TP41440",3,59899767
"PstI.TP884163",3,60121398
"PstI.TP136422",3,60253262
"PstI.TP237442",3,60602220
"NsiI.TP38859",3,60731093
"PstI.TP1102757",3,60738907
"PstI.TP863565",3,60804522
"PstI.TP875573",3,60804814
"PstI.TP17994",3,60977256
"PstI.TP1066422",3,60988993
"PstI.TP694159",3,61030989
"PstI.TP991622",3,61247052
"PstI.TP987380",3,61305698
"PstI.TP115576",3,61364669
"PstI.TP1022061",3,61377198
"PstI.TP710312",3,61493650
"PstI.TP863870",3,61525095
"NsiI.TP91904",3,61568869
"PstI.TP744473",3,61669976
"NsiI.TP317101",3,61771383
"PstI.TP1047233",3,61797601
"PstI.TP47278",3,61828317
"PstI.TP756650",3,61832560
"PstI.TP1002549",3,61933672
"PstI.TP1206334",3,61963148
"PstI.TP212330",3,61992139
"PstI.TP606496",3,62018965
"NsiI.TP726681",3,62054481
"PstI.TP116867",3,62167764
"PstI.TP1100260",3,62171188
"PstI.TP197729",3,62304693
"NsiI.TP394538",3,62312606
"PstI.TP1248247",3,62346879
"PstI.TP197785",3,62421321
"PstI.TP1042206",3,62637302
"PstI.TP213377",3,62690207
"PstI.TP731868",3,62811145
"PstI.TP351473",3,62816493
"NsiI.TP194993",3,62870591
"NsiI.TP814805",3,62875271
"NsiI.TP529124",3,63127607
"PstI.TP907836",3,63143644
"PstI.TP916840",3,63298133
"PstI.TP888368",3,63337334
"PstI.TP654237",3,63375812
"PstI.TP798778",3,63375873
"PstI.TP450478",3,63412067
"PstI.TP478050",3,63462498
"NsiI.TP349068",3,63530177
"PstI.TP965825",3,63530528
"PstI.TP1222662",3,63583875
"PstI.TP374544",3,63699323
"PstI.TP106636",3,63699645
"PstI.TP743016",3,63741878
"PstI.TP378140",3,63771773
"PstI.TP995236",3,63809440
"NsiI.TP717162",3,63834924
"PstI.TP458650",3,63973238
"PstI.TP811969",3,64051653
"NsiI.TP432589",3,64092887
"PstI.TP106875",3,64830008
"PstI.TP420029",3,64967488
"NsiI.TP425376",3,65120217
"PstI.TP4963",3,65245788
"PstI.TP796422",3,65263672
"PstI.TP1146858",3,65279133
"PstI.TP623942",3,65310848
"PstI.TP673750",3,65713273
"PstI.TP1248832",3,65713285
"PstI.TP827144",3,65732872
"PstI.TP185010",3,65791497
"PstI.TP179992",3,65808212
"PstI.TP1257324",3,65916131
"PstI.TP876849",3,66050191
"PstI.TP1004443",3,66051537
"PstI.TP904259",3,66075604
"PstI.TP523998",3,66128752
"PstI.TP540206",3,66293725
"PstI.TP8762",3,66427331
"PstI.TP1094666",3,66462116
"NsiI.TP487732",3,66464681
"PstI.TP731228",3,66513421
"PstI.TP582861",3,66513476
"PstI.TP858716",3,66525528
"PstI.TP44472",3,66531786
"PstI.TP549811",3,66531825
"PstI.TP694382",3,66532430
"PstI.TP640318",3,66580470
"PstI.TP972363",3,66704307
"PstI.TP940999",3,66708999
"PstI.TP391374",3,66712259
"PstI.TP1292760",3,66753576
"PstI.TP217593",3,66787516
"PstI.TP60635",3,66807545
"PstI.TP865412",3,66830234
"PstI.TP180013",3,66851078
"PstI.TP802166",3,66915037
"PstI.TP724939",3,66915295
"PstI.TP545135",3,66972327
"PstI.TP1010078",3,67023433
"PstI.TP318338",3,67023794
"NsiI.TP218990",3,67119017
"NsiI.TP285119",3,67157192
"PstI.TP937129",3,67175086
"NsiI.TP224257",3,67274437
"PstI.TP724829",3,67406291
"NsiI.TP555329",3,67453921
"PstI.TP770204",3,67523376
"PstI.TP671156",3,67539818
"PstI.TP671157",3,67539833
"PstI.TP273897",3,67574112
"PstI.TP195741",3,67699319
"PstI.TP205616",3,67708245
"PstI.TP360305",3,67764027
"NsiI.TP555948",3,67784264
"PstI.TP963405",3,67810374
"PstI.TP157314",3,67817635
"PstI.TP955356",3,67880743
"PstI.TP198015",3,67910785
"PstI.TP43035",3,67960309
"PstI.TP282617",3,67991463
"PstI.TP629786",3,68029217
"PstI.TP975012",3,68051383
"PstI.TP673057",3,68094426
"NsiI.TP756994",3,68130123
"PstI.TP377456",3,68183917
"PstI.TP167782",3,68567976
"PstI.TP379031",3,68701578
"PstI.TP899075",3,68837126
"PstI.TP770506",3,68857417
"PstI.TP207042",3,68906982
"NsiI.TP642960",3,68906982
"NsiI.TP381737",3,69008243
"PstI.TP1226997",3,69008840
"NsiI.TP50689",3,69048183
"NsiI.TP39018",3,69197876
"PstI.TP772377",3,69256488
"PstI.TP288798",3,69828015
"PstI.TP388391",3,69918190
"PstI.TP1027117",3,70383646
"NsiI.TP145721",3,70764680
"PstI.TP317655",3,70764880
"NsiI.TP730441",3,70813388
"PstI.TP367511",3,70822259
"NsiI.TP422411",3,70832262
"NsiI.TP234267",3,70840629
"PstI.TP338917",3,70919217
"PstI.TP306737",3,71220834
"NsiI.TP328854",3,71291896
"PstI.TP921434",3,71315794
"PstI.TP759583",3,71370495
"PstI.TP745087",3,71534823
"NsiI.TP198450",3,72064311
"NsiI.TP668633",3,72087795
"PstI.TP1046316",3,72119163
"PstI.TP254470",3,72123437
"NsiI.TP127064",3,72149010
"PstI.TP262789",3,72159095
"PstI.TP1153923",3,72256661
"PstI.TP799973",3,72401926
"PstI.TP81443",3,72402402
"PstI.TP314655",3,72791842
"PstI.TP59482",3,72881051
"PstI.TP1270259",3,73055182
"PstI.TP798238",3,73087364
"PstI.TP967803",3,73321934
"NsiI.TP661879",3,73421724
"PstI.TP439066",3,73445402
"PstI.TP1100905",3,73743770
"NsiI.TP515499",3,73834383
"PstI.TP930877",3,74253026
"PstI.TP706641",3,74303182
"PstI.TP568461",3,74315454
"PstI.TP1178670",4,54185
"NsiI.TP801135",4,63162
"PstI.TP934142",4,194652
"PstI.TP718962",4,252030
"PstI.TP509367",4,420393
"NsiI.TP364708",4,663022
"PstI.TP189469",4,665915
"PstI.TP1250993",4,666401
"PstI.TP1227785",4,692003
"NsiI.TP337589",4,923915
"PstI.TP132713",4,1009711
"NsiI.TP274184",4,1065229
"PstI.TP875232",4,1379976
"PstI.TP262546",4,1523295
"PstI.TP845769",4,2010929
"PstI.TP753697",4,2038364
"NsiI.TP671324",4,2161341
"PstI.TP256804",4,2309598
"PstI.TP1115006",4,2397430
"PstI.TP404712",4,2511431
"PstI.TP156810",4,2774722
"PstI.TP899837",4,2894449
"PstI.TP539951",4,3227883
"PstI.TP532669",4,3498516
"PstI.TP777320",4,3534524
"PstI.TP311401",4,3634353
"PstI.TP1020861",4,3763358
"PstI.TP963117",4,3856619
"PstI.TP133948",4,3870704
"PstI.TP437411",4,3981971
"NsiI.TP55441",4,4075447
"PstI.TP57846",4,4201581
"NsiI.TP504221",4,4339312
"PstI.TP570804",4,4364673
"PstI.TP297382",4,4364885
"PstI.TP778311",4,4451472
"PstI.TP140856",4,4704020
"PstI.TP504809",4,5155593
"PstI.TP237468",4,5204815
"PstI.TP761159",4,5265528
"PstI.TP605882",4,5415767
"PstI.TP703574",4,5441522
"PstI.TP1210085",4,5549411
"PstI.TP70014",4,5572416
"PstI.TP707693",4,5818754
"PstI.TP543247",4,5947998
"NsiI.TP472754",4,5966031
"PstI.TP728315",4,6366039
"PstI.TP248632",4,6371322
"PstI.TP414731",4,6415200
"PstI.TP1001032",4,6463834
"NsiI.TP407119",4,6500382
"PstI.TP171713",4,6902976
"PstI.TP949077",4,7122037
"PstI.TP262688",4,7128828
"PstI.TP625512",4,7338212
"PstI.TP774504",4,7549373
"PstI.TP778226",4,7580398
"PstI.TP1164364",4,7965997
"PstI.TP181058",4,7967268
"PstI.TP1167685",4,7967341
"PstI.TP868925",4,7967759
"PstI.TP865707",4,8265404
"PstI.TP835676",4,8640214
"PstI.TP295985",4,9739196
"PstI.TP387625",4,9914701
"PstI.TP1259253",4,9921203
"PstI.TP1043816",4,10208138
"NsiI.TP457948",4,10479967
"PstI.TP1293746",4,10710177
"PstI.TP855651",4,10722059
"PstI.TP844534",4,10905321
"PstI.TP839848",4,11496748
"PstI.TP382139",4,11514958
"PstI.TP373489",4,12025790
"NsiI.TP827851",4,12330408
"PstI.TP100146",4,15152517
"PstI.TP457434",4,15595824
"NsiI.TP468188",4,16051806
"PstI.TP191324",4,16297801
"PstI.TP71331",4,16297873
"PstI.TP605734",4,16501301
"NsiI.TP690791",4,16551464
"NsiI.TP102128",4,16552385
"PstI.TP471332",4,17360089
"PstI.TP680311",4,18313480
"PstI.TP1169104",4,19508414
"PstI.TP339012",4,23730556
"PstI.TP388798",4,34703211
"PstI.TP120638",4,35323656
"PstI.TP337951",4,40615943
"PstI.TP982139",4,41445278
"PstI.TP1084308",4,42752899
"PstI.TP335891",4,42916499
"PstI.TP170658",4,45392020
"PstI.TP908401",4,47909121
"PstI.TP765640",4,48027712
"PstI.TP1148487",4,48397503
"PstI.TP299340",4,50252276
"NsiI.TP634743",4,50670050
"PstI.TP411131",4,50796187
"PstI.TP824743",4,51495892
"PstI.TP313639",4,51533595
"NsiI.TP211613",4,51742137
"PstI.TP1133379",4,51922694
"PstI.TP831969",4,52358433
"NsiI.TP499370",4,52358612
"PstI.TP1197361",4,52473553
"PstI.TP470432",4,52709206
"PstI.TP1260649",4,52875541
"PstI.TP24110",4,52990968
"PstI.TP1094441",4,53080201
"PstI.TP852425",4,53801587
"PstI.TP758217",4,53816542
"PstI.TP321647",4,53852701
"PstI.TP539356",4,53869671
"PstI.TP988008",4,53910327
"PstI.TP521834",4,53924496
"PstI.TP397988",4,54041708
"PstI.TP827038",4,54042262
"PstI.TP989059",4,54451954
"PstI.TP521327",4,54492451
"PstI.TP318872",4,54744673
"PstI.TP780370",4,55054662
"PstI.TP927411",4,55321457
"PstI.TP1150046",4,55510631
"PstI.TP857726",4,55633086
"PstI.TP802412",4,55643788
"PstI.TP602651",4,55651212
"PstI.TP707030",4,55665489
"PstI.TP875578",4,55697620
"PstI.TP1169832",4,56534152
"PstI.TP335471",4,56710032
"PstI.TP80571",4,56807073
"PstI.TP83255",4,56842889
"PstI.TP128515",4,57065304
"PstI.TP421127",4,57085377
"PstI.TP661203",4,57100807
"PstI.TP213688",4,57521992
"PstI.TP98675",4,57524900
"PstI.TP389257",4,57600751
"PstI.TP1199069",4,57736484
"PstI.TP894258",4,57750214
"PstI.TP1148070",4,57865747
"PstI.TP808392",4,58052669
"PstI.TP107349",4,58096875
"PstI.TP283944",4,58233546
"PstI.TP1049411",4,58511842
"PstI.TP969702",4,58874917
"PstI.TP1000572",4,59072057
"PstI.TP1029730",4,59112616
"PstI.TP647611",4,59195320
"PstI.TP807231",4,59272271
"NsiI.TP608014",4,59335265
"NsiI.TP746666",4,59482378
"PstI.TP39923",4,59505323
"NsiI.TP452950",4,59507302
"PstI.TP548830",4,59544955
"PstI.TP396492",4,59554328
"PstI.TP839365",4,59601391
"PstI.TP1024604",4,59621675
"NsiI.TP60459",4,59680771
"PstI.TP802068",4,59707017
"PstI.TP226867",4,60106689
"PstI.TP79115",4,60133712
"PstI.TP769015",4,60173826
"PstI.TP1160",4,60173873
"PstI.TP1189383",4,60173881
"NsiI.TP624872",4,60455775
"PstI.TP697701",4,60476700
"PstI.TP591340",4,60587960
"PstI.TP460796",4,60714463
"PstI.TP298106",4,60749631
"PstI.TP374326",4,60827920
"PstI.TP1050629",4,60884477
"PstI.TP994052",4,60973347
"NsiI.TP750593",4,61084375
"PstI.TP999900",4,61190544
"PstI.TP704663",4,61217704
"PstI.TP704666",4,61217735
"NsiI.TP200630",4,61273341
"PstI.TP404112",4,61296221
"PstI.TP141081",4,61449187
"PstI.TP287023",4,61471174
"NsiI.TP121209",4,61601883
"PstI.TP31970",4,61637545
"PstI.TP62485",4,61781548
"PstI.TP921956",4,61812706
"PstI.TP148299",4,61873463
"NsiI.TP274412",4,61884326
"PstI.TP1018329",4,61899900
"PstI.TP1191619",4,62207517
"NsiI.TP756597",4,62292852
"PstI.TP292445",4,62388173
"PstI.TP24650",4,62388602
"PstI.TP714065",4,62405622
"PstI.TP291533",4,62487724
"NsiI.TP171356",4,62601440
"PstI.TP326062",4,62667190
"PstI.TP943700",4,62720084
"PstI.TP581762",4,62741281
"PstI.TP116169",4,62823977
"PstI.TP1079268",4,62919464
"PstI.TP1281337",4,63140625
"PstI.TP1013203",4,63222160
"PstI.TP446782",4,63627667
"PstI.TP1132955",4,63683010
"PstI.TP1032679",4,63918789
"PstI.TP617376",4,63931951
"PstI.TP972577",4,64049091
"PstI.TP709133",4,64107407
"PstI.TP781181",4,64170054
"PstI.TP1027083",4,64254345
"PstI.TP168720",4,64338756
"NsiI.TP173071",4,64391873
"NsiI.TP55777",4,64398950
"PstI.TP661482",4,64403950
"PstI.TP120297",4,64404036
"PstI.TP43749",4,64417921
"PstI.TP1129300",4,64425706
"PstI.TP654201",4,64705707
"PstI.TP721355",4,64776340
"PstI.TP117569",4,64900260
"PstI.TP51816",4,64961913
"PstI.TP875866",4,64992383
"PstI.TP715604",4,64992446
"PstI.TP673282",4,65067106
"PstI.TP1281372",4,65195494
"PstI.TP424929",4,65348596
"PstI.TP568504",4,65671693
"PstI.TP931336",4,65707584
"PstI.TP447008",4,65767007
"PstI.TP317521",4,66042591
"PstI.TP1127482",4,66065155
"PstI.TP1127994",4,66065200
"NsiI.TP453156",4,66318126
"PstI.TP781859",4,66322904
"PstI.TP83740",4,66329319
"PstI.TP1010638",4,66370705
"PstI.TP935651",4,66370793
"PstI.TP1105643",4,66521669
"NsiI.TP520621",4,66641853
"PstI.TP1251654",4,66716644
"NsiI.TP688992",4,66776482
"NsiI.TP148994",4,66874533
"NsiI.TP247819",4,66898086
"PstI.TP805691",4,66925540
"PstI.TP730140",4,66928932
"NsiI.TP507777",4,67027562
"PstI.TP1098875",4,67156223
"PstI.TP543197",4,67169531
"PstI.TP247650",4,67343889
"PstI.TP1262851",4,67370507
"PstI.TP1206557",4,67408124
"PstI.TP1177553",4,67453726
"PstI.TP44157",4,67560728
"PstI.TP857720",4,67675201
"PstI.TP940228",4,67759601
"PstI.TP335325",4,67812875
"PstI.TP753660",4,67859176
"PstI.TP1209906",4,67965163
"NsiI.TP816685",4,67966873
"PstI.TP148033",4,68054990
"NsiI.TP717243",4,68249333
"PstI.TP743824",4,68341653
"NsiI.TP743302",4,68354909
"PstI.TP1033169",4,68372412
"PstI.TP107665",4,68430765
"PstI.TP933689",4,68479830
"PstI.TP1014704",4,68495682
"PstI.TP1269599",4,68592536
"PstI.TP119386",5,372761
"PstI.TP1208174",5,650322
"PstI.TP799542",5,1321222
"PstI.TP581911",5,1401801
"PstI.TP496795",5,1513135
"PstI.TP496793",5,1513166
"PstI.TP1186531",5,1575450
"PstI.TP746826",5,1609271
"PstI.TP1248423",5,1988487
"PstI.TP979536",5,2060722
"PstI.TP349864",5,2155348
"PstI.TP1181476",5,2299991
"PstI.TP39347",5,2639610
"PstI.TP714651",5,2641756
"PstI.TP144070",5,2971536
"PstI.TP639947",5,3135429
"PstI.TP292268",5,3450082
"PstI.TP897370",5,3460663
"NsiI.TP48850",5,3566666
"PstI.TP1224807",5,3620091
"NsiI.TP521884",5,3858576
"PstI.TP214151",5,4095852
"PstI.TP698749",5,6782266
"PstI.TP112449",5,8894727
"NsiI.TP795133",5,10655601
"NsiI.TP635574",5,10846526
"PstI.TP747280",5,12790396
"PstI.TP923354",5,13005905
"PstI.TP644170",5,13189719
"PstI.TP306460",5,13194806
"PstI.TP843092",5,14746414
"NsiI.TP727162",5,15122057
"PstI.TP342506",5,15673619
"PstI.TP98333",5,16130526
"PstI.TP532325",5,18806244
"PstI.TP1118790",5,21005060
"PstI.TP649005",5,24767427
"PstI.TP287063",5,36574210
"NsiI.TP270508",5,36765256
"NsiI.TP547375",5,50727832
"PstI.TP273553",5,52197136
"NsiI.TP501821",5,53570195
"PstI.TP706555",5,53845438
"PstI.TP609962",5,53907385
"PstI.TP1069523",5,55621669
"PstI.TP317589",5,59272686
"PstI.TP332939",5,61681179
"PstI.TP25299",5,63419016
"PstI.TP152056",5,64031521
"NsiI.TP592929",5,64413792
"PstI.TP56167",5,66355886
"NsiI.TP609151",5,68282440
"NsiI.TP3581",5,68467677
"PstI.TP270940",5,68495452
"PstI.TP882242",5,68630849
"PstI.TP372461",5,69064710
"PstI.TP841498",5,69228848
"NsiI.TP421034",5,71242059
"PstI.TP319342",5,71584607
"PstI.TP712192",5,71599707
"NsiI.TP121022",5,71744727
"PstI.TP461600",5,71789531
"PstI.TP372159",6,397980
"PstI.TP298201",6,1375822
"PstI.TP774963",6,1911989
"PstI.TP160013",6,1913467
"PstI.TP1243819",6,2081638
"PstI.TP1243820",6,2081667
"PstI.TP166492",6,2200069
"PstI.TP544549",6,2226986
"PstI.TP834194",6,2364305
"PstI.TP33096",6,3180162
"NsiI.TP762935",6,3182336
"PstI.TP533938",6,3839549
"PstI.TP1172225",6,3890042
"PstI.TP901714",6,3915493
"PstI.TP202899",6,6077089
"PstI.TP365986",6,6142813
"PstI.TP819907",6,6739141
"PstI.TP1136919",6,6739369
"PstI.TP1071406",6,9087147
"PstI.TP1157659",6,12195814
"NsiI.TP308732",6,18912392
"PstI.TP884637",6,26390736
"NsiI.TP615807",6,27281645
"PstI.TP756560",6,30981137
"PstI.TP773343",6,31243845
"NsiI.TP334029",6,38616479
"PstI.TP776270",6,39667672
"PstI.TP256025",6,39923562
"PstI.TP752706",6,40067328
"PstI.TP113896",6,40079998
"PstI.TP629514",6,40243524
"PstI.TP170897",6,40981188
"PstI.TP359861",6,42016593
"PstI.TP901855",6,42551665
"NsiI.TP358081",6,42784766
"PstI.TP944699",6,43235510
"PstI.TP144997",6,43235947
"PstI.TP1023385",6,43243324
"NsiI.TP825138",6,43278106
"PstI.TP1195541",6,43320392
"NsiI.TP17682",6,43602171
"PstI.TP163348",6,44550868
"PstI.TP1185472",6,45032097
"PstI.TP998975",6,45505565
"PstI.TP1105986",6,45582438
"PstI.TP745785",6,45615805
"PstI.TP1117462",6,45727155
"PstI.TP710636",6,45894338
"PstI.TP322890",6,46091816
"PstI.TP480040",6,46122577
"PstI.TP1071411",6,46252009
"PstI.TP759023",6,46253378
"PstI.TP349853",6,46386872
"PstI.TP932970",6,46390903
"PstI.TP682615",6,46570239
"NsiI.TP554617",6,46665120
"PstI.TP630858",6,47185090
"PstI.TP110885",6,47190301
"NsiI.TP235676",6,47234083
"NsiI.TP310382",6,47272723
"PstI.TP827726",6,47573240
"PstI.TP1076182",6,47618418
"NsiI.TP274765",6,47625849
"PstI.TP310237",6,47646564
"PstI.TP716101",6,47677795
"PstI.TP803468",6,47699983
"PstI.TP580644",6,47793342
"PstI.TP226392",6,47819825
"PstI.TP12746",6,47840509
"PstI.TP570060",6,47899753
"NsiI.TP34193",6,47900218
"PstI.TP813929",6,48009958
"PstI.TP710752",6,48096840
"PstI.TP330321",6,48212587
"PstI.TP795263",6,48216537
"PstI.TP1046125",6,48289644
"PstI.TP13077",6,48336818
"PstI.TP303544",6,48368263
"PstI.TP988157",6,48368305
"PstI.TP925452",6,48400679
"PstI.TP490849",6,48413744
"PstI.TP824467",6,48440964
"PstI.TP357318",6,48450955
"PstI.TP1266869",6,48545495
"PstI.TP858165",6,48555209
"PstI.TP361031",6,48622395
"NsiI.TP820581",6,48687031
"PstI.TP801278",6,48713165
"PstI.TP769839",6,48746061
"PstI.TP428451",6,48787560
"NsiI.TP83928",6,48792860
"PstI.TP576587",6,49188679
"PstI.TP815225",6,49235314
"PstI.TP850689",6,49449385
"PstI.TP1112974",6,49485124
"NsiI.TP57283",6,49505312
"NsiI.TP674468",6,49590276
"PstI.TP256850",6,49643828
"PstI.TP137972",6,49743515
"PstI.TP1009267",6,49760525
"PstI.TP1045605",6,49825862
"PstI.TP855227",6,49887106
"PstI.TP1175455",6,49891048
"NsiI.TP193365",6,50405862
"PstI.TP985993",6,50461167
"PstI.TP949988",6,50576836
"PstI.TP1227925",6,50604731
"PstI.TP88913",6,50606419
"PstI.TP1041731",6,50651771
"PstI.TP991419",6,50741907
"NsiI.TP731345",6,50796587
"PstI.TP469702",6,50857851
"PstI.TP126255",6,50898138
"PstI.TP1238303",6,50987036
"PstI.TP681191",6,51040947
"PstI.TP714411",6,51076791
"PstI.TP55941",6,51146867
"PstI.TP480160",6,51153057
"PstI.TP347563",6,51192256
"PstI.TP404885",6,51199851
"PstI.TP475426",6,51284047
"PstI.TP871221",6,51418361
"PstI.TP887215",6,51434149
"PstI.TP1201184",6,51500444
"PstI.TP16576",6,51508909
"PstI.TP569629",6,51517308
"PstI.TP249621",6,51555200
"PstI.TP891455",6,51677486
"PstI.TP1025940",6,51870695
"PstI.TP114435",6,51935989
"PstI.TP526907",6,52143728
"NsiI.TP705986",6,52282662
"PstI.TP1131586",6,52294517
"PstI.TP843955",6,52307437
"PstI.TP1268195",6,52307532
"PstI.TP695119",6,52429938
"PstI.TP706276",6,52495459
"PstI.TP438569",6,52665117
"PstI.TP983468",6,52676712
"NsiI.TP167249",6,52723638
"PstI.TP435100",6,52788813
"NsiI.TP810468",6,52878123
"NsiI.TP51476",6,53107093
"PstI.TP302384",6,53169269
"PstI.TP743713",6,53247540
"PstI.TP357347",6,53284826
"PstI.TP272941",6,53317238
"PstI.TP598190",6,53317495
"PstI.TP893577",6,53399705
"PstI.TP210723",6,53519176
"PstI.TP208272",6,53679758
"PstI.TP720344",6,53705499
"PstI.TP525574",6,53705599
"NsiI.TP540658",6,53721369
"PstI.TP469520",6,53807168
"NsiI.TP171912",6,53905973
"NsiI.TP338280",6,53961287
"PstI.TP76770",6,54052803
"PstI.TP631340",6,54158095
"PstI.TP966312",6,54237208
"PstI.TP945766",6,54258844
"PstI.TP331302",6,54347113
"NsiI.TP59381",6,54443739
"PstI.TP262001",6,54443824
"PstI.TP347106",6,54444929
"PstI.TP709057",6,54629080
"PstI.TP30317",6,54709438
"PstI.TP30142",6,54712768
"PstI.TP516914",6,54724469
"NsiI.TP95031",6,54950661
"PstI.TP776110",6,55103901
"NsiI.TP282767",6,55154575
"NsiI.TP194619",6,55228277
"PstI.TP1003470",6,55262974
"PstI.TP891127",6,55263071
"PstI.TP387467",6,55340504
"PstI.TP935926",6,55352294
"NsiI.TP500617",6,55386702
"PstI.TP964708",6,55409617
"NsiI.TP769989",6,55440097
"PstI.TP530513",6,55454149
"PstI.TP317453",6,55573202
"PstI.TP539634",6,55893141
"PstI.TP521219",6,56106355
"PstI.TP952007",6,56158074
"PstI.TP1164091",6,56319647
"PstI.TP198433",6,56321576
"PstI.TP664921",6,56510699
"NsiI.TP652621",6,56522972
"PstI.TP352738",6,56528676
"PstI.TP1022791",6,56560248
"NsiI.TP364137",6,56610072
"PstI.TP897409",6,56637189
"PstI.TP1225179",6,56654494
"PstI.TP53152",6,56671658
"PstI.TP353147",6,56747520
"PstI.TP83264",6,56897554
"PstI.TP651659",6,56962308
"PstI.TP106962",6,57047383
"PstI.TP140016",6,57096158
"PstI.TP642933",6,57096182
"PstI.TP1241719",6,57149401
"PstI.TP456356",6,57185583
"PstI.TP609012",6,57199915
"PstI.TP1000965",6,57296544
"PstI.TP788586",6,57442567
"PstI.TP747216",6,57493875
"PstI.TP1194392",6,57534861
"NsiI.TP669710",6,57585057
"PstI.TP1158253",6,57627001
"PstI.TP905212",6,57657570
"PstI.TP939692",6,57716221
"PstI.TP851761",6,57802693
"PstI.TP1220431",6,57879530
"PstI.TP1220434",6,57879537
"PstI.TP702574",6,57893505
"PstI.TP702632",6,57893518
"PstI.TP1116298",6,57959042
"PstI.TP10996",6,57974096
"PstI.TP10997",6,57974142
"PstI.TP30555",6,58396527
"NsiI.TP336547",6,58396661
"PstI.TP334179",6,58406668
"PstI.TP726225",6,58406812
"PstI.TP1217836",6,58435510
"PstI.TP1066372",6,58439886
"NsiI.TP131496",6,58928926
"PstI.TP470333",6,58970821
"PstI.TP842278",6,59205393
"PstI.TP338409",6,59229037
"PstI.TP777906",6,59229689
"PstI.TP38843",6,59303111
"PstI.TP479153",6,59457053
"PstI.TP369771",6,59498070
"NsiI.TP814519",6,59730617
"PstI.TP875252",6,59755110
"PstI.TP339221",6,59779202
"NsiI.TP401041",6,59883335
"PstI.TP1150436",6,59888830
"PstI.TP143719",6,59895028
"PstI.TP363146",6,59896427
"PstI.TP418863",6,59970341
"PstI.TP442698",6,59971726
"PstI.TP1215769",6,60047342
"PstI.TP230539",6,60169420
"PstI.TP241352",6,60244644
"PstI.TP345529",6,60263361
"PstI.TP842838",6,60343852
"PstI.TP1198766",6,60436257
"NsiI.TP447267",6,60469529
"PstI.TP596173",6,60494225
"PstI.TP508638",6,60618174
"PstI.TP639463",6,60717357
"PstI.TP1193013",6,60825902
"PstI.TP537490",6,60875735
"PstI.TP969397",6,60888114
"PstI.TP143356",6,60904975
"PstI.TP786113",6,60914620
"PstI.TP931840",6,60969038
"PstI.TP120908",6,61169728
"NsiI.TP311723",6,61255833
"NsiI.TP304335",6,61272905
"NsiI.TP503227",7,87451
"PstI.TP161281",7,277773
"NsiI.TP383667",7,419094
"PstI.TP997226",7,651806
"PstI.TP892511",7,657459
"PstI.TP433372",7,840822
"PstI.TP543908",7,1085483
"PstI.TP1216346",7,1189753
"PstI.TP400705",7,1246953
"PstI.TP1251020",7,1288842
"PstI.TP1076746",7,1802206
"NsiI.TP113035",7,1804303
"PstI.TP271997",7,1839611
"PstI.TP197681",7,2110172
"PstI.TP679208",7,2374884
"PstI.TP261556",7,2620886
"PstI.TP321113",7,2693846
"PstI.TP617554",7,3245920
"NsiI.TP575618",7,3778581
"PstI.TP858615",7,3805095
"PstI.TP1275567",7,4355483
"PstI.TP1273751",7,4585882
"PstI.TP27579",7,4882106
"PstI.TP145834",7,4944531
"PstI.TP68667",7,5024644
"PstI.TP1168534",7,5203859
"PstI.TP485183",7,5360417
"PstI.TP1166626",7,5373971
"NsiI.TP390395",7,5462820
"PstI.TP636369",7,5813087
"NsiI.TP642549",7,5994953
"PstI.TP1287230",7,7558451
"PstI.TP121587",7,7568149
"PstI.TP59966",7,7754399
"PstI.TP822493",7,8114551
"PstI.TP847369",7,8209705
"PstI.TP450060",7,8209747
"PstI.TP944548",7,8285238
"PstI.TP948276",7,8285239
"PstI.TP39204",7,8302668
"PstI.TP740770",7,8648631
"PstI.TP283576",7,9134542
"PstI.TP1137784",7,10078994
"PstI.TP602287",7,10755063
"PstI.TP446073",7,10755390
"PstI.TP716056",7,12018520
"PstI.TP403400",7,12332080
"NsiI.TP437479",7,15545472
"PstI.TP474390",7,15569290
"PstI.TP691322",7,15663756
"PstI.TP480204",7,17216627
"PstI.TP7177",7,19883599
"PstI.TP1013004",7,23934216
"PstI.TP1060579",7,28563180
"PstI.TP930201",7,30412154
"PstI.TP913067",7,37614298
"PstI.TP728734",7,37735277
"NsiI.TP436779",7,38844599
"NsiI.TP262182",7,38847042
"PstI.TP1151756",7,39232025
"NsiI.TP459288",7,39656372
"PstI.TP1005929",7,40209050
"PstI.TP1021321",7,40225707
"PstI.TP220192",7,42063325
"PstI.TP1147160",7,44396170
"PstI.TP676701",7,51193143
"PstI.TP548274",7,51500731
"PstI.TP780884",7,54360893
"PstI.TP846454",7,54554537
"PstI.TP673993",7,55674206
"PstI.TP44125",7,55681656
"PstI.TP725380",7,56007421
"PstI.TP342418",7,56234517
"PstI.TP838226",7,56380657
"PstI.TP624170",7,56509983
"PstI.TP195819",7,56569496
"PstI.TP1254873",7,56573089
"NsiI.TP234353",7,56772484
"NsiI.TP348632",7,56779391
"PstI.TP702779",7,56779453
"PstI.TP179103",7,57227560
"PstI.TP1005240",7,57259216
"PstI.TP271772",7,57259256
"PstI.TP893479",7,57292079
"PstI.TP326785",7,57293650
"PstI.TP967103",7,57294054
"PstI.TP1000873",7,57426488
"PstI.TP1000608",7,57426510
"PstI.TP663882",7,57555118
"PstI.TP1000323",7,57848687
"PstI.TP808266",7,57918873
"NsiI.TP242759",7,57945470
"PstI.TP596502",7,58014009
"PstI.TP115692",7,58269670
"PstI.TP814593",7,58562479
"PstI.TP1017687",7,58691088
"PstI.TP277532",7,58749000
"PstI.TP580690",7,58775427
"PstI.TP835882",7,58925507
"PstI.TP192722",7,59027066
"NsiI.TP70557",7,59141689
"PstI.TP68223",7,59248949
"NsiI.TP144859",7,59278722
"PstI.TP488970",7,59514670
"PstI.TP86735",7,59567585
"NsiI.TP201900",7,59739247
"PstI.TP1022732",7,59785708
"PstI.TP290738",7,59825579
"PstI.TP285646",7,59945480
"PstI.TP622431",7,60027444
"PstI.TP780069",7,60189505
"PstI.TP393128",7,60228191
"PstI.TP856277",7,60248536
"PstI.TP364124",7,60271640
"PstI.TP945872",7,60295761
"NsiI.TP503474",7,60458156
"PstI.TP195822",7,60945564
"PstI.TP507771",7,60945817
"PstI.TP862169",7,60979712
"PstI.TP1151420",7,61070494
"PstI.TP954037",7,61167285
"PstI.TP1274931",7,61404400
"PstI.TP868312",7,61529395
"PstI.TP738055",7,61683923
"NsiI.TP766057",7,61710211
"PstI.TP637513",7,61758322
"PstI.TP515294",7,61776176
"PstI.TP946951",7,61799723
"PstI.TP810944",7,61876950
"PstI.TP862004",7,62011344
"PstI.TP167190",7,62053736
"PstI.TP1108598",7,62058332
"PstI.TP1068347",7,62120815
"PstI.TP1036644",7,62276526
"PstI.TP235061",7,62394616
"NsiI.TP441346",7,62861283
"PstI.TP12971",7,63081914
"NsiI.TP340134",7,63082166
"NsiI.TP627015",7,63220926
"PstI.TP587504",7,63222407
"NsiI.TP519945",7,63563357
"PstI.TP670190",7,63604320
"PstI.TP622318",7,63611772
"PstI.TP770946",7,63612212
"PstI.TP195962",7,63734553
"NsiI.TP521432",7,63757970
"PstI.TP272889",7,63795481
"NsiI.TP509771",7,63795912
"PstI.TP125348",7,63881820
"PstI.TP336967",7,63960044
"PstI.TP706541",7,64061390
"NsiI.TP641629",7,64063973
"NsiI.TP449489",7,64098895
"NsiI.TP561173",7,64182183
"PstI.TP82727",7,64210634
"PstI.TP1016623",7,64210878
"PstI.TP292777",7,64227793
"PstI.TP773940",7,64822434
"PstI.TP774033",7,64851531
"PstI.TP532426",7,64966356
"PstI.TP669233",7,65085026
"PstI.TP297697",7,65274615
"NsiI.TP562946",7,65362140
"NsiI.TP470396",7,65424581
"PstI.TP618070",8,39449
"PstI.TP1243137",8,241410
"PstI.TP1071629",8,381311
"PstI.TP795667",8,528900
"PstI.TP901904",8,570863
"PstI.TP826982",8,664718
"PstI.TP419801",8,1077354
"PstI.TP991040",8,1163254
"PstI.TP54880",8,1461814
"PstI.TP203977",8,2031282
"PstI.TP181697",8,2683686
"PstI.TP135750",8,2838380
"PstI.TP350262",8,2905616
"PstI.TP667673",8,3073031
"PstI.TP315072",8,3139123
"PstI.TP1118313",8,3139823
"PstI.TP356253",8,3819223
"PstI.TP750527",8,3822988
"PstI.TP2006",8,3930378
"NsiI.TP635032",8,3980154
"NsiI.TP371441",8,4140344
"PstI.TP272031",8,4185086
"NsiI.TP742731",8,4460101
"NsiI.TP353127",8,4560146
"PstI.TP966761",8,4674732
"PstI.TP27497",8,4736106
"PstI.TP22473",8,5375523
"PstI.TP577712",8,6219464
"PstI.TP976712",8,6325153
"PstI.TP1112563",8,6325389
"PstI.TP1125548",8,9735387
"PstI.TP125339",8,10914403
"PstI.TP53685",8,15754213
"PstI.TP831876",8,15839243
"PstI.TP845583",8,15926794
"PstI.TP623632",8,15930657
"PstI.TP290055",8,16103749
"PstI.TP1106767",8,18038551
"PstI.TP1064216",8,19305443
"PstI.TP945656",8,20338622
"NsiI.TP737772",8,24539132
"PstI.TP1065040",8,41491760
"PstI.TP205765",8,46363312
"PstI.TP543966",8,46579017
"PstI.TP815977",8,47698137
"NsiI.TP224547",8,49124442
"PstI.TP685814",8,51520152
"PstI.TP944343",8,51918904
"PstI.TP1264166",8,52135359
"PstI.TP49251",8,52811353
"PstI.TP933806",8,53107674
"PstI.TP847961",8,53109574
"PstI.TP763524",8,54655315
"NsiI.TP181198",8,55572072
"PstI.TP585913",8,55579533
"PstI.TP1009308",8,55801809
"PstI.TP71898",8,55904365
"NsiI.TP179941",8,55948810
"PstI.TP700381",8,56933270
"PstI.TP534174",8,57069014
"PstI.TP570599",8,57084424
"PstI.TP615521",8,58093270
"PstI.TP103845",8,58125692
"PstI.TP522065",8,58295434
"NsiI.TP32638",8,58529578
"PstI.TP544270",8,58554756
"PstI.TP824282",8,58573215
"PstI.TP1038754",8,58785840
"PstI.TP798504",8,58863921
"PstI.TP920988",8,59203441
"PstI.TP1131319",8,59436386
"PstI.TP45420",8,59829645
"PstI.TP961842",8,59838089
"PstI.TP993788",8,60518710
"PstI.TP342343",8,60537164
"PstI.TP815324",8,60883297
"PstI.TP249196",8,60970122
"PstI.TP647641",8,61103675
"PstI.TP576556",8,61385245
"PstI.TP174587",8,61645695
"PstI.TP522018",8,61986171
"PstI.TP990909",8,62111760
"PstI.TP156491",8,62158572
"NsiI.TP424080",8,62210912
"PstI.TP319520",8,62331057
"NsiI.TP442700",8,62545114
"PstI.TP988781",8,62628857
"PstI.TP373660",8,62666468
"PstI.TP774948",9,243415
"PstI.TP795074",9,564192
"PstI.TP26215",9,583262
"PstI.TP277254",9,815106
"PstI.TP458238",9,991884
"PstI.TP256852",9,1065898
"PstI.TP719095",9,1109109
"PstI.TP97264",9,1289669
"PstI.TP890773",9,1435661
"PstI.TP146435",9,1542296
"PstI.TP419219",9,1650258
"PstI.TP904714",9,1730741
"PstI.TP338249",9,1847859
"PstI.TP688753",9,1861171
"PstI.TP28660",9,1970845
"PstI.TP613754",9,2094002
"PstI.TP350614",9,2097298
"PstI.TP1185359",9,2350553
"PstI.TP654004",9,2357362
"PstI.TP968019",9,2402808
"PstI.TP769847",9,2435845
"PstI.TP41777",9,2504371
"NsiI.TP426590",9,2752496
"PstI.TP299726",9,2970040
"PstI.TP722093",9,3026606
"PstI.TP550408",9,3176103
"PstI.TP75281",9,3177941
"NsiI.TP126131",9,3184582
"PstI.TP189568",9,3236820
"PstI.TP290387",9,3312855
"PstI.TP1107519",9,3315165
"NsiI.TP224100",9,3423752
"NsiI.TP282949",9,3514826
"PstI.TP742405",9,3885435
"PstI.TP545376",9,4103280
"NsiI.TP739070",9,4438373
"PstI.TP682608",9,4453195
"PstI.TP86970",9,5342108
"NsiI.TP236846",9,5564156
"NsiI.TP636278",9,5624719
"PstI.TP319528",9,6127592
"PstI.TP448143",9,6230587
"PstI.TP125060",9,6374194
"PstI.TP146654",9,7350920
"PstI.TP1184713",9,8036705
"PstI.TP1057124",9,9148132
"NsiI.TP494858",9,10541784
"PstI.TP997632",9,10600783
"PstI.TP84106",9,11066353
"PstI.TP447781",9,12669967
"PstI.TP533660",9,13375469
"PstI.TP939350",9,20082917
"PstI.TP957775",9,27506778
"PstI.TP532345",9,38275195
"PstI.TP917569",9,40688795
"PstI.TP1235826",9,41258170
"PstI.TP953364",9,41929468
"PstI.TP787829",9,41932983
"PstI.TP1054397",9,42375267
"PstI.TP343925",9,42951872
"PstI.TP957163",9,44644697
"PstI.TP876546",9,44646384
"PstI.TP350243",9,45321870
"PstI.TP383705",9,46040507
"PstI.TP70600",9,46098921
"PstI.TP545574",9,46822842
"PstI.TP1086009",9,47254131
"PstI.TP249109",9,47522889
"PstI.TP201295",9,47612492
"PstI.TP384871",9,47612549
"PstI.TP389408",9,47932157
"PstI.TP797211",9,47975853
"PstI.TP134958",9,47976468
"PstI.TP778881",9,48260943
"PstI.TP1227790",9,48696731
"PstI.TP1251961",9,48731998
"PstI.TP870602",9,49267255
"PstI.TP1134201",9,49341921
"PstI.TP1123350",9,49499779
"NsiI.TP311989",9,49682483
"PstI.TP340970",9,49975829
"PstI.TP1155086",9,50004653
"PstI.TP778331",9,50006602
"PstI.TP1012849",9,50040368
"PstI.TP76217",9,50041027
"PstI.TP182896",9,50513017
"PstI.TP751721",9,50513395
"PstI.TP1116131",9,50580835
"PstI.TP1193674",9,50596040
"PstI.TP532337",9,50600056
"PstI.TP995394",9,50625938
"PstI.TP781872",9,51135280
"PstI.TP268482",9,51164319
"PstI.TP90991",9,51173645
"PstI.TP134129",9,51572610
"PstI.TP998803",9,51615898
"PstI.TP267509",9,51633931
"PstI.TP34641",9,51765933
"PstI.TP1181821",9,51786135
"PstI.TP1038963",9,51887439
"PstI.TP98115",9,51912899
"PstI.TP1136227",9,52020995
"PstI.TP1067511",9,52058611
"PstI.TP179275",9,52171543
"PstI.TP905099",9,52345457
"PstI.TP1179994",9,52362266
"PstI.TP754297",9,52383960
"NsiI.TP663012",9,52480175
"PstI.TP1017493",9,52843173
"PstI.TP1198035",9,52938506
"PstI.TP685673",9,53035339
"PstI.TP1218439",9,53101439
"PstI.TP588448",9,53165297
"PstI.TP624271",9,53221888
"PstI.TP475191",9,53225889
"PstI.TP77625",9,53718156
"PstI.TP1052445",9,53720191
"PstI.TP77620",9,53720938
"PstI.TP746782",9,53784279
"PstI.TP65398",9,54033986
"PstI.TP1090503",9,54050222
"NsiI.TP70796",9,54232781
"PstI.TP437245",9,54288726
"PstI.TP834958",9,54418483
"NsiI.TP229964",9,54430662
"PstI.TP1248173",9,54556422
"PstI.TP780145",9,54592677
"NsiI.TP375743",9,54606833
"PstI.TP997136",9,54968532
"NsiI.TP700854",9,54986378
"PstI.TP1101676",9,55031033
"PstI.TP593877",9,55077360
"PstI.TP335710",9,55077385
"NsiI.TP260145",9,55098373
"NsiI.TP815402",9,55446804
"NsiI.TP445017",9,55901846
"PstI.TP316648",9,55957859
"PstI.TP387329",9,55961556
"PstI.TP116355",9,55967635
"PstI.TP132499",9,56107884
"PstI.TP700182",9,56152423
"NsiI.TP161693",9,56152528
"PstI.TP265377",9,56178766
"PstI.TP349556",9,56207028
"PstI.TP15780",9,56211895
"PstI.TP94534",9,56597128
"PstI.TP1104589",9,56629291
"PstI.TP862620",9,56791733
"PstI.TP1157052",9,56882603
"PstI.TP930653",9,56906789
"PstI.TP364228",9,56945624
"PstI.TP538688",9,57046696
"PstI.TP91283",9,57061948
"NsiI.TP66114",9,57265279
"PstI.TP140364",9,57283110
"PstI.TP91666",9,57446168
"PstI.TP289185",9,57455890
"PstI.TP1042921",9,57481010
"PstI.TP1040911",9,57488127
"PstI.TP676134",9,57652835
"PstI.TP640569",9,57753552
"PstI.TP548121",9,58253929
"PstI.TP541399",9,58259418
"PstI.TP736554",9,58320217
"PstI.TP982126",9,58344631
"PstI.TP1137706",9,58368202
"NsiI.TP675233",9,58409914
"NsiI.TP379046",9,58431629
"PstI.TP928184",9,58431631
"PstI.TP176380",9,58460036
"NsiI.TP161913",9,58496317
"PstI.TP95118",9,58539170
"NsiI.TP36166",9,58838434
"PstI.TP428592",9,59017930
"PstI.TP780771",9,59133543
"PstI.TP1062021",9,59189842
"NsiI.TP440500",9,59299455
"PstI.TP1038828",9,59381929
"PstI.TP312460",9,59408883
"PstI.TP401430",10,261208
"NsiI.TP525011",10,450727
"PstI.TP32081",10,516124
"PstI.TP943645",10,536366
"PstI.TP802084",10,555823
"PstI.TP636509",10,765968
"PstI.TP220787",10,1055307
"PstI.TP176663",10,1133877
"PstI.TP1117123",10,1206568
"NsiI.TP502082",10,1262753
"PstI.TP549546",10,1280519
"PstI.TP284290",10,1529382
"PstI.TP107255",10,1588745
"PstI.TP933601",10,1659429
"PstI.TP724037",10,1796215
"PstI.TP1246574",10,2518921
"PstI.TP1038470",10,2596422
"NsiI.TP113145",10,2711069
"PstI.TP287434",10,2711554
"PstI.TP343474",10,2711603
"NsiI.TP764823",10,2714822
"PstI.TP583995",10,3085156
"PstI.TP981281",10,3085207
"PstI.TP14467",10,3103147
"PstI.TP977650",10,3236503
"NsiI.TP73031",10,3314572
"NsiI.TP179386",10,3314649
"NsiI.TP440251",10,3456302
"PstI.TP130605",10,3473673
"PstI.TP835929",10,3862305
"PstI.TP542812",10,4048134
"PstI.TP780019",10,4475781
"PstI.TP507239",10,4780432
"PstI.TP13101",10,5083417
"PstI.TP831544",10,5137704
"PstI.TP531549",10,5158579
"NsiI.TP433337",10,5399831
"PstI.TP1027226",10,5400847
"PstI.TP99687",10,5558897
"PstI.TP604956",10,5628757
"PstI.TP1126063",10,5769848
"PstI.TP833712",10,5951604
"PstI.TP447641",10,6043610
"PstI.TP169712",10,6068006
"PstI.TP1212372",10,6070004
"PstI.TP891531",10,6298803
"PstI.TP265447",10,6324176
"PstI.TP275384",10,6327741
"PstI.TP250354",10,6510934
"PstI.TP1109494",10,6530432
"PstI.TP738082",10,6556740
"PstI.TP673266",10,7053304
"PstI.TP510424",10,7091437
"PstI.TP594696",10,7119016
"PstI.TP100648",10,7512918
"PstI.TP149587",10,7615825
"NsiI.TP27348",10,8026434
"PstI.TP429801",10,8035175
"PstI.TP261995",10,8063942
"NsiI.TP301361",10,8099842
"NsiI.TP430625",10,8144012
"PstI.TP166292",10,8150237
"PstI.TP501971",10,8186495
"PstI.TP809778",10,8543510
"PstI.TP516137",10,8551151
"NsiI.TP476564",10,8685679
"PstI.TP51516",10,8861492
"PstI.TP1022538",10,9427594
"PstI.TP110898",10,9880843
"NsiI.TP497376",10,10507025
"PstI.TP530550",10,10541144
"PstI.TP683701",10,10614565
"PstI.TP483070",10,10615158
"PstI.TP651505",10,11456346
"PstI.TP1286414",10,12122103
"PstI.TP1014598",10,12353077
"PstI.TP622235",10,12390554
"PstI.TP397772",10,13563411
"PstI.TP353347",10,13577246
"PstI.TP864793",10,15183846
"PstI.TP269037",10,15276368
"PstI.TP407356",10,16885163
"PstI.TP166160",10,18059383
"PstI.TP1075940",10,18152462
"NsiI.TP819468",10,18283573
"PstI.TP446471",10,19412076
"PstI.TP846064",10,19421525
"PstI.TP343293",10,19939931
"NsiI.TP415930",10,20420558
"PstI.TP278923",10,21876858
"PstI.TP750772",10,23214478
"PstI.TP775752",10,41350986
"PstI.TP912656",10,41352942
"PstI.TP912658",10,41352948
"NsiI.TP648509",10,41353679
"NsiI.TP146026",10,42012400
"PstI.TP1133587",10,42973263
"NsiI.TP113422",10,43190461
"NsiI.TP545621",10,43191875
"PstI.TP588767",10,43265382
"PstI.TP911974",10,44646981
"NsiI.TP435960",10,45929366
"NsiI.TP704428",10,47749877
"PstI.TP1044741",10,47877662
"PstI.TP1181427",10,48075047
"PstI.TP522438",10,49677682
"PstI.TP1253448",10,49715585
"PstI.TP529698",10,49892865
"PstI.TP682257",10,50183864
"PstI.TP532263",10,50312279
"PstI.TP723879",10,51006962
"NsiI.TP423891",10,51417287
"PstI.TP178843",10,51681279
"PstI.TP1104438",10,51975768
"PstI.TP42898",10,52309781
"NsiI.TP128214",10,52490885
"PstI.TP1251965",10,52576042
"NsiI.TP260208",10,52582112
"PstI.TP350443",10,53018412
"PstI.TP814682",10,53107040
"PstI.TP727385",10,53174224
"PstI.TP727388",10,53174248
"PstI.TP187548",10,53478010
"PstI.TP1027534",10,53709062
"NsiI.TP753115",10,54052527
"PstI.TP1109485",10,54131399
"NsiI.TP264370",10,54257349
"PstI.TP320710",10,54501313
"PstI.TP151981",10,54680742
"NsiI.TP557652",10,55121411
"PstI.TP986652",10,55293480
"PstI.TP1207922",10,55463410
"NsiI.TP527741",10,55575641
"PstI.TP887121",10,55720067
"PstI.TP282598",10,55748349
"PstI.TP568763",10,55874415
"PstI.TP177678",10,56115246
"PstI.TP202284",10,56175041
"PstI.TP1009563",10,56175139
"NsiI.TP337624",10,56201507
"NsiI.TP36278",10,56255147
"PstI.TP140535",10,56266608
"NsiI.TP330963",10,56296082
"PstI.TP942427",10,56551535
"PstI.TP683199",10,56630287
"PstI.TP49052",10,56847524
"PstI.TP1047533",10,57105290
"PstI.TP7632",10,57163611
"PstI.TP248498",10,57422064
"PstI.TP977259",10,57435024
"PstI.TP1189247",10,57554144
"PstI.TP740525",10,57651326
"PstI.TP1044398",10,57687904
"PstI.TP1132484",10,57883541
"PstI.TP541885",10,57947224
"PstI.TP1255957",10,57956794
"PstI.TP282657",10,58159508
"PstI.TP614291",10,58224972
"PstI.TP31645",10,58342331
"PstI.TP984525",10,58519750
"PstI.TP1021190",10,58588164
"PstI.TP925206",10,58730377
"PstI.TP548129",10,58739589
"PstI.TP360715",10,58959795
"PstI.TP1272828",10,59027538
"NsiI.TP41855",10,59162920
"NsiI.TP5731",10,59553714
"PstI.TP1204456",10,59574064
"NsiI.TP269554",10,59593377
"PstI.TP771256",10,59597858
"PstI.TP901498",10,59750699
"PstI.TP371473",10,59883760
"PstI.TP65527",10,60139620
"PstI.TP1234552",10,60231357
"PstI.TP994751",10,60309696
"PstI.TP22664",10,60311066
"NsiI.TP215457",10,60364018
"NsiI.TP727404",10,60764600
"PstI.TP85647",10,60886778
"NsiI.TP441858",10,60928769
"PstI.TP1181279",10,61156077
"PstI.TP5684",11,34
"PstI.TP6058",11,37
"PstI.TP9218",11,63
"PstI.TP9799",11,72
"PstI.TP10552",11,79
"PstI.TP10692",11,83
"PstI.TP13311",11,108
"PstI.TP15637",11,124
"PstI.TP19142",11,155
"PstI.TP25085",11,193
"PstI.TP27966",11,215
"PstI.TP31637",11,249
"PstI.TP31817",11,252
"PstI.TP32343",11,263
"PstI.TP37827",11,309
"PstI.TP39747",11,327
"PstI.TP40244",11,333
"PstI.TP40961",11,345
"PstI.TP46032",11,392
"PstI.TP48113",11,409
"PstI.TP48643",11,411
"PstI.TP54669",11,453
"PstI.TP55980",11,467
"PstI.TP57121",11,475
"PstI.TP66363",11,553
"PstI.TP67512",11,560
"PstI.TP69359",11,575
"PstI.TP69372",11,576
"PstI.TP72398",11,609
"PstI.TP78045",11,652
"PstI.TP81008",11,677
"PstI.TP82280",11,688
"PstI.TP88428",11,740
"PstI.TP88536",11,742
"PstI.TP89261",11,751
"PstI.TP90936",11,768
"PstI.TP91271",11,770
"PstI.TP94813",11,788
"PstI.TP96953",11,798
"PstI.TP98480",11,808
"PstI.TP100539",11,820
"PstI.TP100651",11,821
"PstI.TP102149",11,838
"PstI.TP103806",11,849
"PstI.TP104310",11,857
"PstI.TP104967",11,865
"PstI.TP112609",11,932
"PstI.TP118367",11,977
"PstI.TP123922",11,1028
"PstI.TP125251",11,1045
"PstI.TP129187",11,1087
"PstI.TP129649",11,1089
"PstI.TP130695",11,1099
"PstI.TP131738",11,1106
"PstI.TP132021",11,1110
"PstI.TP139507",11,1154
"PstI.TP142755",11,1196
"PstI.TP143220",11,1205
"PstI.TP143773",11,1214
"PstI.TP144413",11,1220
"PstI.TP153239",11,1266
"PstI.TP157003",11,1290
"PstI.TP158908",11,1303
"PstI.TP160752",11,1322
"PstI.TP161018",11,1326
"PstI.TP162777",11,1341
"PstI.TP164661",11,1357
"PstI.TP165585",11,1359
"PstI.TP166018",11,1363
"PstI.TP167287",11,1370
"PstI.TP168491",11,1382
"PstI.TP170196",11,1398
"PstI.TP174000",11,1429
"PstI.TP177166",11,1456
"PstI.TP181796",11,1492
"PstI.TP196680",11,1602
"PstI.TP201653",11,1648
"PstI.TP202060",11,1652
"PstI.TP208551",11,1702
"PstI.TP209435",11,1713
"PstI.TP210200",11,1720
"PstI.TP212400",11,1736
"PstI.TP220394",11,1803
"PstI.TP221302",11,1815
"PstI.TP221413",11,1816
"PstI.TP230518",11,1902
"PstI.TP234053",11,1921
"PstI.TP235160",11,1931
"PstI.TP237881",11,1949
"PstI.TP241720",11,1974
"PstI.TP244587",11,1996
"PstI.TP244901",11,1997
"PstI.TP248887",11,2021
"PstI.TP252584",11,2055
"PstI.TP254236",11,2071
"PstI.TP256348",11,2093
"PstI.TP259004",11,2110
"PstI.TP262611",11,2127
"PstI.TP264946",11,2151
"PstI.TP276796",11,2248
"PstI.TP280352",11,2259
"PstI.TP280696",11,2260
"PstI.TP288834",11,2294
"PstI.TP292029",11,2312
"PstI.TP294151",11,2335
"PstI.TP297855",11,2351
"PstI.TP300300",11,2369
"PstI.TP301480",11,2383
"PstI.TP302415",11,2390
"PstI.TP303248",11,2396
"PstI.TP310118",11,2455
"PstI.TP314454",11,2487
"PstI.TP315152",11,2490
"PstI.TP323188",11,2560
"PstI.TP327061",11,2592
"PstI.TP329239",11,2605
"PstI.TP329411",11,2608
"PstI.TP338365",11,2666
"PstI.TP338468",11,2668
"PstI.TP339945",11,2686
"PstI.TP341298",11,2697
"PstI.TP343679",11,2707
"PstI.TP351433",11,2768
"PstI.TP363053",11,2867
"PstI.TP364873",11,2882
"PstI.TP364953",11,2884
"PstI.TP366392",11,2894
"PstI.TP366456",11,2895
"PstI.TP370682",11,2914
"PstI.TP371413",11,2915
"PstI.TP375331",11,2937
"PstI.TP379973",11,2974
"PstI.TP381443",11,2988
"PstI.TP386967",11,3022
"PstI.TP389870",11,3038
"PstI.TP390327",11,3046
"PstI.TP393060",11,3059
"PstI.TP394317",11,3076
"PstI.TP394955",11,3081
"PstI.TP396204",11,3088
"PstI.TP398042",11,3104
"PstI.TP398337",11,3106
"PstI.TP401147",11,3119
"PstI.TP403269",11,3130
"PstI.TP408924",11,3165
"PstI.TP409444",11,3169
"PstI.TP410616",11,3179
"PstI.TP410927",11,3181
"PstI.TP411848",11,3188
"PstI.TP413677",11,3201
"PstI.TP413714",11,3202
"PstI.TP418643",11,3244
"PstI.TP424478",11,3280
"PstI.TP426523",11,3290
"PstI.TP429798",11,3313
"PstI.TP433234",11,3320
"PstI.TP433679",11,3324
"PstI.TP437672",11,3353
"PstI.TP443810",11,3398
"PstI.TP444076",11,3404
"PstI.TP444248",11,3408
"PstI.TP446652",11,3428
"PstI.TP451853",11,3460
"PstI.TP453426",11,3473
"PstI.TP454066",11,3480
"PstI.TP459896",11,3510
"PstI.TP463088",11,3529
"PstI.TP464884",11,3541
"PstI.TP468410",11,3560
"PstI.TP470828",11,3576
"PstI.TP475981",11,3612
"PstI.TP475994",11,3613
"PstI.TP483021",11,3661
"PstI.TP487244",11,3692
"PstI.TP490779",11,3725
"PstI.TP492152",11,3736
"PstI.TP494133",11,3744
"PstI.TP498552",11,3782
"PstI.TP507933",11,3837
"PstI.TP516632",11,3891
"PstI.TP521411",11,3897
"PstI.TP522635",11,3904
"PstI.TP523962",11,3914
"PstI.TP527171",11,3934
"PstI.TP529090",11,3947
"PstI.TP530646",11,3961
"PstI.TP532131",11,3976
"PstI.TP533375",11,3989
"PstI.TP543102",11,4035
"PstI.TP548769",11,4062
"PstI.TP552676",11,4085
"PstI.TP552710",11,4086
"PstI.TP574024",11,4130
"PstI.TP584580",11,4194
"PstI.TP589466",11,4216
"PstI.TP598337",11,4249
"PstI.TP602900",11,4269
"PstI.TP610743",11,4310
"PstI.TP613604",11,4323
"PstI.TP616773",11,4334
"PstI.TP619311",11,4342
"PstI.TP619468",11,4343
"PstI.TP622646",11,4374
"PstI.TP624488",11,4383
"PstI.TP624914",11,4385
"PstI.TP628792",11,4413
"PstI.TP631928",11,4437
"PstI.TP632675",11,4443
"PstI.TP633023",11,4448
"PstI.TP636093",11,4470
"PstI.TP640416",11,4495
"PstI.TP642761",11,4516
"PstI.TP643059",11,4521
"PstI.TP648892",11,4579
"PstI.TP652161",11,4599
"PstI.TP664215",11,4634
"PstI.TP666274",11,4641
"PstI.TP666982",11,4643
"PstI.TP670870",11,4670
"PstI.TP689267",11,4765
"PstI.TP690066",11,4769
"PstI.TP691668",11,4782
"PstI.TP691935",11,4789
"PstI.TP698154",11,4823
"PstI.TP698300",11,4824
"PstI.TP698835",11,4830
"PstI.TP709634",11,4922
"PstI.TP710226",11,4924
"PstI.TP712963",11,4936
"PstI.TP724567",11,5004
"PstI.TP727464",11,5016
"PstI.TP729343",11,5026
"PstI.TP731332",11,5041
"PstI.TP733771",11,5061
"PstI.TP736055",11,5077
"PstI.TP740583",11,5112
"PstI.TP742374",11,5130
"PstI.TP744920",11,5140
"PstI.TP755963",11,5221
"PstI.TP770341",11,5320
"PstI.TP771928",11,5326
"PstI.TP777254",11,5366
"PstI.TP787540",11,5445
"PstI.TP788460",11,5452
"PstI.TP790783",11,5472
"PstI.TP791036",11,5476
"PstI.TP791364",11,5478
"PstI.TP797415",11,5520
"PstI.TP798665",11,5530
"PstI.TP803239",11,5565
"PstI.TP804144",11,5574
"PstI.TP807327",11,5594
"PstI.TP808425",11,5605
"PstI.TP811157",11,5621
"PstI.TP811183",11,5622
"PstI.TP817132",11,5654
"PstI.TP817265",11,5656
"PstI.TP818076",11,5661
"PstI.TP818100",11,5662
"PstI.TP819103",11,5670
"PstI.TP825325",11,5705
"PstI.TP834454",11,5776
"PstI.TP835273",11,5785
"PstI.TP836173",11,5793
"PstI.TP842611",11,5834
"PstI.TP847969",11,5876
"PstI.TP848458",11,5880
"PstI.TP852665",11,5922
"PstI.TP854571",11,5946
"PstI.TP855559",11,5958
"PstI.TP856013",11,5962
"PstI.TP865711",11,6040
"PstI.TP874115",11,6097
"PstI.TP876478",11,6115
"PstI.TP877509",11,6123
"PstI.TP879786",11,6143
"PstI.TP881941",11,6157
"PstI.TP882172",11,6160
"PstI.TP883382",11,6167
"PstI.TP884696",11,6181
"PstI.TP886436",11,6196
"PstI.TP897101",11,6253
"PstI.TP897375",11,6255
"PstI.TP898033",11,6259
"PstI.TP904740",11,6310
"PstI.TP909576",11,6352
"PstI.TP912729",11,6374
"PstI.TP915538",11,6398
"PstI.TP918944",11,6423
"PstI.TP919476",11,6427
"PstI.TP919648",11,6431
"PstI.TP922645",11,6454
"PstI.TP927867",11,6492
"PstI.TP930028",11,6509
"PstI.TP934024",11,6539
"PstI.TP936135",11,6549
"PstI.TP936449",11,6553
"PstI.TP937213",11,6556
"PstI.TP937647",11,6560
"PstI.TP938416",11,6563
"PstI.TP941904",11,6590
"PstI.TP944522",11,6600
"PstI.TP947067",11,6615
"PstI.TP948061",11,6623
"PstI.TP949022",11,6628
"PstI.TP954118",11,6658
"PstI.TP956432",11,6670
"PstI.TP963456",11,6700
"PstI.TP981260",11,6804
"PstI.TP984199",11,6827
"PstI.TP991542",11,6885
"PstI.TP996918",11,6924
"PstI.TP997573",11,6931
"PstI.TP1002850",11,6959
"PstI.TP1009864",11,7007
"PstI.TP1012704",11,7027
"PstI.TP1017446",11,7063
"PstI.TP1019197",11,7072
"PstI.TP1020623",11,7079
"PstI.TP1025367",11,7121
"PstI.TP1026818",11,7134
"PstI.TP1027663",11,7144
"PstI.TP1029642",11,7158
"PstI.TP1038157",11,7211
"PstI.TP1043165",11,7240
"PstI.TP1052207",11,7304
"PstI.TP1068317",11,7437
"PstI.TP1068412",11,7438
"PstI.TP1071296",11,7466
"PstI.TP1071605",11,7472
"PstI.TP1077538",11,7514
"PstI.TP1080476",11,7547
"PstI.TP1082413",11,7556
"PstI.TP1087235",11,7587
"PstI.TP1087906",11,7591
"PstI.TP1098788",11,7687
"PstI.TP1102598",11,7715
"PstI.TP1104816",11,7736
"PstI.TP1113610",11,7798
"PstI.TP1113615",11,7799
"PstI.TP1114127",11,7803
"PstI.TP1120883",11,7870
"PstI.TP1124649",11,7892
"PstI.TP1134151",11,7953
"PstI.TP1134469",11,7954
"PstI.TP1141531",11,7998
"PstI.TP1143289",11,8009
"PstI.TP1143724",11,8012
"PstI.TP1144174",11,8014
"PstI.TP1149663",11,8066
"PstI.TP1151415",11,8084
"PstI.TP1152455",11,8094
"PstI.TP1157245",11,8123
"PstI.TP1158265",11,8131
"PstI.TP1158983",11,8136
"PstI.TP1161418",11,8153
"PstI.TP1162955",11,8169
"PstI.TP1163307",11,8177
"PstI.TP1163628",11,8179
"PstI.TP1169636",11,8220
"PstI.TP1172215",11,8242
"PstI.TP1172386",11,8246
"PstI.TP1175096",11,8274
"PstI.TP1175461",11,8280
"PstI.TP1176448",11,8287
"PstI.TP1180967",11,8324
"PstI.TP1183491",11,8353
"PstI.TP1191629",11,8424
"PstI.TP1193608",11,8440
"PstI.TP1193653",11,8441
"PstI.TP1193997",11,8448
"PstI.TP1196344",11,8461
"PstI.TP1198735",11,8470
"PstI.TP1199324",11,8474
"PstI.TP1199327",11,8475
"PstI.TP1201445",11,8486
"PstI.TP1204344",11,8498
"PstI.TP1212297",11,8542
"PstI.TP1216947",11,8569
"PstI.TP1224154",11,8626
"PstI.TP1226733",11,8645
"PstI.TP1229912",11,8667
"PstI.TP1230532",11,8671
"PstI.TP1230769",11,8675
"PstI.TP1242757",11,8753
"PstI.TP1247989",11,8785
"PstI.TP1251568",11,8808
"PstI.TP1262700",11,8891
"PstI.TP1272933",11,8969
"PstI.TP1275363",11,8983
"PstI.TP1281534",11,9033
"PstI.TP1287347",11,9070
"PstI.TP1288091",11,9080
"PstI.TP1290291",11,9091
"PstI.TP1294195",11,9130
"NsiI.TP12272",11,9260
"NsiI.TP28119",11,9435
"NsiI.TP29266",11,9449
"NsiI.TP36448",11,9550
"NsiI.TP36721",11,9552
"NsiI.TP37044",11,9562
"NsiI.TP37450",11,9566
"NsiI.TP39895",11,9610
"NsiI.TP45237",11,9692
"NsiI.TP48486",11,9715
"NsiI.TP48541",11,9716
"NsiI.TP51483",11,9741
"NsiI.TP57495",11,9811
"NsiI.TP66730",11,9922
"NsiI.TP69764",11,9953
"NsiI.TP87403",11,10095
"NsiI.TP135257",11,10636
"NsiI.TP138776",11,10676
"NsiI.TP153175",11,10826
"NsiI.TP158596",11,10873
"NsiI.TP164431",11,10939
"NsiI.TP164937",11,10950
"NsiI.TP171776",11,11035
"NsiI.TP199138",11,11340
"NsiI.TP203429",11,11387
"NsiI.TP211874",11,11486
"NsiI.TP218567",11,11576
"NsiI.TP240864",11,11838
"NsiI.TP244874",11,11894
"NsiI.TP260915",11,12050
"NsiI.TP308443",11,12504
"NsiI.TP316618",11,12598
"NsiI.TP321288",11,12651
"NsiI.TP324219",11,12694
"PstI.TP141279",11,12718
"NsiI.TP331241",11,12790
"NsiI.TP350913",11,12980
"NsiI.TP355888",11,13042
"NsiI.TP362299",11,13124
"NsiI.TP363057",11,13135
"NsiI.TP363762",11,13147
"NsiI.TP366177",11,13171
"NsiI.TP367819",11,13197
"NsiI.TP371724",11,13243
"NsiI.TP375399",11,13278
"NsiI.TP397133",11,13501
"NsiI.TP402781",11,13547
"NsiI.TP404945",11,13572
"NsiI.TP407011",11,13599
"NsiI.TP410683",11,13656
"NsiI.TP414672",11,13720
"NsiI.TP422015",11,13841
"NsiI.TP422610",11,13855
"NsiI.TP424155",11,13899
"NsiI.TP426468",11,13949
"NsiI.TP428457",11,14002
"NsiI.TP431930",11,14072
"NsiI.TP433717",11,14120
"NsiI.TP435268",11,14153
"NsiI.TP437987",11,14225
"NsiI.TP438615",11,14236
"NsiI.TP443279",11,14353
"NsiI.TP445310",11,14390
"NsiI.TP449894",11,14447
"NsiI.TP450818",11,14474
"NsiI.TP452078",11,14486
"NsiI.TP456659",11,14551
"NsiI.TP457503",11,14566
"NsiI.TP459852",11,14614
"NsiI.TP469220",11,14746
"NsiI.TP471716",11,14795
"NsiI.TP472039",11,14803
"NsiI.TP485609",11,14983
"NsiI.TP489646",11,15049
"NsiI.TP493680",11,15118
"NsiI.TP495411",11,15163
"NsiI.TP501040",11,15248
"NsiI.TP503513",11,15291
"NsiI.TP506280",11,15342
"NsiI.TP507205",11,15353
"NsiI.TP511158",11,15442
"NsiI.TP523719",11,15596
"NsiI.TP530248",11,15687
"NsiI.TP530343",11,15688
"NsiI.TP540352",11,15795
"NsiI.TP550056",11,15914
"NsiI.TP550937",11,15932
"NsiI.TP551839",11,15945
"NsiI.TP560012",11,16067
"NsiI.TP560453",11,16072
"NsiI.TP570294",11,16176
"NsiI.TP573649",11,16224
"NsiI.TP576062",11,16278
"NsiI.TP578256",11,16314
"NsiI.TP591531",11,16475
"NsiI.TP597148",11,16557
"NsiI.TP608142",11,16637
"NsiI.TP618002",11,16754
"NsiI.TP621335",11,16810
"NsiI.TP622504",11,16835
"NsiI.TP622507",11,16837
"NsiI.TP624734",11,16871
"NsiI.TP678570",11,17474
"NsiI.TP680155",11,17507
"NsiI.TP680194",11,17508
"NsiI.TP708852",11,17859
"NsiI.TP726942",11,18063
"NsiI.TP729087",11,18074
"NsiI.TP732085",11,18110
"NsiI.TP732133",11,18112
"NsiI.TP742717",11,18226
"NsiI.TP751198",11,18320
"NsiI.TP751856",11,18335
"NsiI.TP752278",11,18344
"NsiI.TP765276",11,18550
"NsiI.TP781289",11,18750
"NsiI.TP801925",11,18952
"NsiI.TP812186",11,19082
"NsiI.TP812501",11,19090
"NsiI.TP813299",11,19104
"PstI.TP701939",11,789248
"PstI.TP253222",11,2768113
