"","Surv","HD_1","FD_1","HD_50.","FD_50.","Yld_kg","SDW_kg","CmDW_g","Cml_cm","CmD_BI_mm","CmD_LI_mm","CmN.","Bcirc_cm","Lg","GS","FD","TFN.","FNMain","FNsmall","CCirc_cm","SRD","ADD"
"1",0.367407019781296,-0.208850527393266,-0.0292101922190805,-0.525902844732957,-0.000299021136533449,-1.3226964815168,-1.01134630852712,-0.208341548939879,-8.77900225943589,-0.0949417980839706,-0.114315470710374,-0.669059575326246,-1.8512235004177,-0.0418938507124346,0.210948732286965,-1.06530505031925,-1.01593831818734,-1.26469928506407,-0.740112233852412,-0.721701544651697,-0.765414094292533,0.0000302154368802939
"2",0.132970802312386,-0.150345248406615,-0.00187261989906763,-0.729734593213625,-0.0516537597347047,-1.38640364054061,-0.710250940621447,0.0186771720617312,-9.85004505507023,0.0594662401347824,0.0507014966542214,-0.308489759092685,-0.839178725851567,-0.0403631683238606,0.209398333393125,-0.353768499096647,-0.474342665735495,-0.994415222168199,-0.66253127040668,-0.758337150895467,11.3926414055778,-0.0000861518167251561
"3",-0.096845471035059,-0.135527992768192,0.00286290225946099,-0.357823693105945,0.0649277120150913,-1.27429335941143,-0.721821300434382,-0.269140570531922,-10.7296887057953,-0.0287967655129324,-0.214014057550198,-0.270470057346083,-1.28713182956031,-0.0376145132355672,0.205035796954627,-0.484868547497879,-0.905934048318328,-1.66972159924588,-1.0383988997385,-0.869033472753651,6.08969190139967,0.000240571918622728
"4",-0.326661744382504,-0.260828822266395,-0.0245351493365148,-2.16784723534075,-0.131250263351692,1.00898435513706,0.830484183801192,-0.213484086586919,-9.96976423114789,-0.00488416704558639,-0.0591181560783538,-0.0593448807172278,1.2686911318383,-0.0312336554276488,0.180321507239624,1.31139274666105,1.80293482940936,1.93322927599027,0.841693176379678,0.654966161949624,-16.0765263607579,-0.000186490463508514
"5",-0.556478017729949,.,.,.,.,.,.,.,.,.,.,.,.,.,.,.,.,.,.,.,.,.
"6",0.0180626656386639,0.852011143827986,0.162084147822517,4.62970191546654,0.486493280223509,0.116922437066189,0.104652599213519,0.908611570302812,26.8671706717063,0.235795094818278,0.511461239793853,-0.179470378300724,-1.73851985406663,-0.0376145132355672,0.1970643190193,-1.54459057606233,-0.285342969067605,0.440519585463236,-0.21040356632754,0.507842990399917,-7.23931009313452,0.000142506741493348
"7",0.365804575050703,0.248450212830772,0.066364674028968,1.24897903299123,0.235295286860298,1.64309284519262,0.997069130944081,1.45631567733343,36.8595056668298,0.402039351664096,0.269451861583013,1.16027201705434,7.43481257117096,-0.0418938507124346,0.210948732286965,1.29514125818803,1.21455054708724,1.31568558259886,0.44878765768606,0.745426034593494,0.921076960286801,-0.000202534030148996
"8",-0.556478017729949,.,.,.,.,.,.,.,.,.,.,.,.,.,.,.,.,.,.,.,.,.
"9",0.362787075659832,.,.,.,.,4.31818071546602,1.24289469408744,2.36241282582038,31.5695926502254,0.538431551896902,0.453947622010732,1.39180461959427,7.35733857423407,-0.0418938507124346,-2.70308285447053,-1.68528767373794,.,.,.,2.55925429660609,-9.19786936718926,0.000451811075467071
"10",0.362787075659832,.,.,.,.,2.77657125589281,1.23063890081039,2.05373484655847,48.4297550066555,0.577997907300088,0.835722366774882,1.77896467087674,2.59218570630819,-0.0418938507124346,-1.73173899221803,-2.03834972212362,.,.,.,1.30401585573465,16.0994964515009,0.000451811075467071
"11",-0.211753607708782,0.230172266398401,0.0478492740088999,1.39621135921645,0.127358540104174,-0.284663993538832,-0.145861649726091,-0.126535858635587,-23.9948930977082,0.63288332428729,0.190519494294279,-0.503082315723291,-1.80363553602645,-0.0312336554276488,0.20810844793663,0.694276887881723,0.148166067106487,0.0810055909037331,0.0719900635090538,0.017056560752719,-2.95942034397619,-0.0000987351191473721
"12",-0.096845471035059,0.255320443695486,0.0596627275194523,3.21304716888338,0.262150321341174,-1.72456984139951,-1.02621596233102,-1.43527374493806,-37.8683187608287,-0.490148263111265,-0.668955516894297,-1.09519745811343,-1.11885080727236,-0.0348343772509296,0.208383835436866,-1.62321527600226,-0.893941933741504,-1.77964307960762,-1.03181842862248,-2.03781407018925,39.6259539627114,0.000146970749082091
"13",0.359242542529024,-0.198385168902238,-0.0238588703844135,-0.243299581343938,-0.0901230335491292,0.249393082286217,0.315541808140225,-0.439663817670724,-5.50287576740183,-0.151599167039789,-0.190399526455796,-0.347583209617497,-0.216224213842203,-0.0418938507124346,0.210948732286965,0.404572747387069,1.32502680625288,1.53985113945606,0.823027749457422,0.217491965903579,-9.19786936718921,-0.000202534030148996
"14",0.132970802312387,-1.33952967159774,-0.263726915389146,-7.54118852727582,-0.744058753464483,1.12521595628079,0.865067568377667,0.265299656343106,39.1448623942623,0.104196056601106,-0.336329808118579,0.609542073730082,2.73249474379217,-0.0403631683238606,0.203983450136964,0.925505857487472,0.0740584510274118,0.559067022559413,-0.691234974608606,0.765739473206985,-11.0364453274516,-0.000202864275890475
"15",0.362787075659832,0.304825834287873,0.0678837296227671,1.67182824562276,0.221331162449894,-1.48138764092512,-0.73157800912441,0.036561135353578,3.97130554557011,0.022880857095584,-0.121224295247928,-0.373752874130266,-0.949527959778001,-0.0418938507124346,0.210948732286965,-0.909688381655025,-0.473832838441926,-0.631000785602513,-0.112513521757617,-0.640543923963647,2.60756801486614,-0.000068816114307399
"16",-0.096845471035059,-0.544943657182403,-0.176022342322569,-3.7130200008682,-0.598328243705992,-0.426477616923778,-0.194538841347552,-0.474772539010824,-3.91575513643126,-0.131981906641063,-0.307314948703724,-0.600620809138734,0.493780004874157,-0.0376145132355672,0.205108515745966,-0.959570715121239,1.13123114634572,0.531890289832509,0.969806364072085,-0.433029965846341,-4.31205007109929,0.0000900305182629367
"17",-0.096845471035059,-0.0330766868219212,-0.0274926620016819,-1.00877266447695,-0.0467632252800252,-0.787288211434265,-0.280291435545227,-0.431515556357539,-10.5667423110997,-0.232297395635748,-0.216936043525234,-0.363685271834792,-1.42614548878513,-0.0376145132355672,0.1970643190193,1.28324718119946,0.358794686107126,-0.0318263123346464,0.0324030963379912,-0.586479375408933,5.78013203519431,0.0000338586736511512
"18",0.364189183857337,0.09561404604416,-0.0871802452492356,-0.290740248699468,-0.147139558710654,-1.67019956239447,-0.917263251422723,-0.833487732471692,-8.8396001710447,-0.160962567317461,-0.422913454838395,-0.528831592766045,-2.67449109735097,-0.0418938507124346,0.210948732286965,-0.620611425474294,-1.39573926343163,-1.9520922845547,-1.26744198132846,-1.12496467075876,4.29405906944547,-0.000179993266632402
"19",-0.326661744382504,0.867027361539583,0.169870534423958,4.26873248761925,0.475319169957905,0.408639388439285,0.385825796504393,0.818446976094749,1.97509340973855,0.200354846305018,0.261792307813454,0.297811283334112,-1.73624178435804,0.2718079488295,0.19300688585285,-1.37870801521341,0.127419586869964,0.608338124078134,0.425526352235114,0.449748288100345,-3.53801536880774,-0.000117124207480821
"20",-0.096845471035059,-0.2143647003612,-0.00110920241779253,-0.807626457450268,-0.0894895488805213,-0.689732636294267,-0.416709831615341,-0.734758375728247,-16.300060255591,-0.150173446795665,-0.173308564131275,-0.0466875383389254,-2.77854254239454,-0.0369002545304653,0.208383835436866,-0.0295851488368667,-0.912136879836451,0.121093227074738,0.392875670016997,0.259994577860147,-9.04304524493152,-0.000182528832361423
"21",-0.326661744382504,0.0908182932436461,0.0161634656688544,-0.00129353323416753,0.0524693605156136,-1.70429324648084,-0.995089140059301,-1.33508430968696,-22.2219599354016,-0.496131021210207,-0.815560334979156,-0.221250455108702,-3.89586137442486,-0.0312336554276488,0.186664196546237,-0.408674106091162,-1.47702869285529,-1.36847890929563,-0.360139213078854,-0.740071241696747,14.7128593340584,-0.000117124207480821
"22",0.362787075659832,-0.725999844182397,-0.177764618612751,-3.00479451224654,-0.449681535706251,0.48583902245664,0.415791237030202,-0.16860750314665,10.6129537316378,-0.0880140153084728,-0.240321687085747,0.0374152967453793,0.344851475468016,-0.0418938507124346,0.210948732286965,0.904346662328612,0.529955349685121,0.494260240656926,-0.0487719824974617,0.284290036351668,-7.51137831260993,-0.000157452503115807
"23",-0.096845471035059,-0.446786570862097,-0.0944464176452019,-7.33370288506127,-0.725294024673507,-1.20579091283126,-0.736036532977591,-1.81060576811004,-53.7305791999428,-0.351877568547845,-0.639412153802257,-0.712678650392602,-1.71643641491106,-0.0353595341022862,0.18666419613202,-0.408674135675126,-1.75090227282282,-2.17944955654347,-0.853522898873522,-0.362776490303044,12.2898530993587,-0.0000407419297696107
"24",0.362787075659832,-1.37479723256154,-0.271985812663959,-7.58730261912564,-0.828706104996318,1.0786038966717,0.821744291629575,0.708099485836455,23.2860303815336,0.166101726306643,0.161880336017566,0.0125475939366847,1.75009443227794,-0.0418938507124346,0.210948732286965,0.289306799282089,1.16124281415449,1.43607348965571,0.0817078080889882,0.515198321738104,-7.51137831260993,-0.000179993266632402
"25",-0.441569881056227,0.693279696025212,0.138611384545512,4.08379127255777,0.486672147816448,-1.73773069138338,-1.03689627848965,-0.805233420957109,-23.1066212238369,-0.229375585805962,-0.838246317924747,-0.0533008483425195,-0.644603199683111,-0.0222307634298326,0.163105621474927,-0.856516791908679,-1.37633243469436,.,.,.,.,.
"26",-0.556478017729949,.,.,.,.,.,.,.,.,.,.,.,.,.,.,.,.,.,.,.,.,.
"27",-0.211753607708781,0.133361446445734,0.0234895255676723,-1.20976017663887,-0.0287824233647582,-0.841521112723658,-0.561250560611162,-1.17692571836646,-15.6366649034262,-0.424473666125342,-0.760442714918086,-0.446887447178511,-1.43489452025316,-0.0348343772509296,0.192162224151365,1.46917610063267,-0.11926450010518,-0.102848277053962,-0.0704985220696655,-0.201369031989193,-16.0765263607579,-0.000186490463508514
"28",0.362787075659832,0.551247028472709,0.108754904312581,2.64584467615914,0.320627380434258,0.697737261379323,0.381572680520651,1.04679841356169,10.6777276714287,0.325858814716413,0.582201241601128,0.502119582148433,-0.000762019339917899,-0.0418938507124346,0.210948732286965,-0.248984132466675,-0.354195141201458,-0.766356318632809,-0.197481909616733,0.371946819961094,-5.82488725803059,0.000152011525084746
"29",0.362787075659832,-1.22202165560166,-0.223754651393473,-7.24474612725318,-0.704501046974565,-1.24368142501855,-0.675601930261459,-0.816150798707853,-20.0853056947384,-0.129408443554063,-0.119720369107357,-0.159414650200631,-0.0181775928835153,-0.0418938507124346,0.210948732286965,-0.39277528683229,-0.517454896447595,-1.39176758726895,0.0853464008789545,-0.957347723027353,22.8607395587421,-0.00000802995695520058
"30",-0.556478017729949,.,.,.,.,.,.,.,.,.,.,.,.,.,.,.,.,.,.,.,.,.
"31",0.362787075659832,-1.05699798274039,-0.250298076195123,-4.73992049039873,-0.654321974325174,0.280998456667047,0.172164453667747,0.64750419359779,32.2651844332347,0.237660301028942,0.484438886375634,-0.144847633857047,1.39874029328789,-0.0418938507124346,0.210948732286965,-0.909688381655025,0.441652756194955,0.595560187189257,-0.122845269259327,-0.0711249230685514,-2.45190514887192,0.000086811368784662
"32",0.362787075659832,-1.1711919756457,-0.206178055757888,-6.16087647418418,-0.621562298386678,-1.20708752119702,-0.772735591914304,-1.10377542689003,-21.3829104244932,-0.24712844423341,-0.348901501374386,-0.1664837946443,-0.514960915732096,-0.0418938507124346,0.210948732286965,1.28995368872245,0.0951219872829396,0.126138729466966,0.412494507648407,-0.823860172588725,4.29405906944552,-0.000202534030148996
"33",-0.096845471035059,-0.21780470271396,-0.0578432159442337,-1.60149629493383,-0.193221156529945,-1.51407257232454,-0.928796051640656,-0.961900386096197,-19.7544366500139,-0.285446334237043,-0.494276622231417,-1.12580754174547,-1.95123410218609,-0.0376145132355672,0.1970643190193,-0.777378467457806,-0.686337443436252,-0.802958215356482,-0.942156420032171,-0.250139822807478,12.2898530993587,0.000342583183406354
"34",-0.556478017729949,.,.,.,.,.,.,.,.,.,.,.,.,.,.,.,.,.,.,.,.,.
"35",-0.556478017729949,.,.,.,.,.,.,.,.,.,.,.,.,.,.,.,.,.,.,.,.,.
"36",0.362787075659832,-1.29785488255343,-0.259937798682894,-7.97450544002788,-0.819516538964563,0.52740672179711,0.479095010563763,0.300989569855048,15.3974786233246,0.166815378324583,0.450723101821622,-0.160167413727024,2.13676275150135,-0.0418938507124346,0.210948732286965,1.47385855790597,1.40871764124707,1.55637727203279,0.762891966213761,0.395838876266575,0.921076960286801,-0.000202534030148996
"37",0.288497423282948,0.667645460259648,0.128308843317437,4.07922267399203,0.376953034115767,-1.64079096994327,-0.982722913774949,-1.32996635087227,-32.9947430647989,-0.357221443120757,-0.602627397890938,-1.1894076802718,-3.34844683935752,-0.0410849246032184,0.207947384133781,-0.353768499096647,-0.945912328286468,-1.06787055071771,-0.0776513973755031,-1.04893613625945,15.942287768084,-0.000173061631564828
"38",0.362787075659832,.,.,.,.,3.37119117629411,1.22189328867924,2.11097295674646,44.037925750412,0.609429870073824,0.86183670590037,1.02730485954952,4.32590731608015,-0.0418938507124346,-1.73173899221803,-1.84090434240216,.,.,.,1.81089481631068,-2.45190514887187,0.000451811075467071
"39",0.371829588596757,0.553141000277168,0.103681957596788,4.60642282804931,0.409118001304933,-0.135187202932817,-0.0927840110932401,-0.243946948497998,-10.6632000761415,-0.085874064646818,-0.0534927326542501,-0.367222347615707,-0.951948815811539,-0.0418938507124346,0.210948732286965,0.478399237931189,0.393641515573322,-0.56820442280448,0.0273566857881464,-0.42144824148411,-2.45190514887192,-0.00000802995695520058
"40",-0.326661744382504,0.577741277524737,0.112844072691141,1.66643474499064,0.148740211415308,-2.66574287300561,-1.24163350371681,-1.97757383407958,-44.9249152140722,-0.799305246355569,-0.746682161706507,-0.522634949408722,-3.42094084107407,-0.0312336554276488,0.20810844793663,-0.408674176476274,-2.03543248029099,-1.77964307960762,-0.707505111778078,-1.28424001195145,38.7568646911464,0.000337624594949385
"41",0.132970802312387,-0.779457105691828,-0.202416231259815,-5.29571337219205,-0.553372073219871,0.044593593314582,0.0386611455435182,0.344376864766318,14.4104379359108,0.195619681395172,0.0765322104665191,-0.114073470208125,0.745319455229675,-0.0403631683238606,0.203983450136964,0.263042114145987,0.683439249742502,0.991978856385799,0.643276564281916,-0.0714435988516583,4.51600080997479,-0.000202864275890475
"42",0.171057240153513,-0.0221514038821093,-0.0120746325537307,-0.157183626836155,0.0576024706467834,-1.7770294619614,-1.01826996599668,-1.58959614476388,-29.9821242174567,-0.336243544511405,-0.546257342069038,-0.801434721668619,-2.24202544164502,-0.0403631683238606,-0.272594085433069,-0.198307480048842,-1.89971289795002,-1.43393190494432,-0.826229619824586,-0.4700950717305,13.9736274802128,-0.000202707762930535
"43",0.365804575050703,-0.406591472804316,-0.125094605452274,-2.84951165519518,-0.442002930161167,-1.99252488271084,-1.07285330940218,-1.52125160399407,-42.9137260496496,-0.240286611729839,-0.734996835175772,-0.641048148631958,-1.13878720186858,-0.0418938507124346,0.210948732286965,-1.04314866917153,-1.44137407821534,-1.91079468789775,-0.704898090379727,-1.05412258900836,12.7265143423423,-0.000134911739599213
"44",-0.326661744382504,0.475900291949733,0.0945668897213821,0.652191837256328,0.116093766521944,-1.62268343519496,-1.13776448044976,-1.68671092625624,-44.3584127870322,-0.466237527509117,-0.6097499844413,-0.389748656921544,-0.423868911620258,-0.0312336554276488,0.19300688585285,0.355858521600232,-1.26871846915066,-0.45532280571276,-0.124446558641816,-1.01819300507273,8.62923443310302,-0.000200917920694872
"45",-0.556478017729949,.,.,.,.,.,.,.,.,.,.,.,.,.,.,.,.,.,.,.,.,.
"46",0.362787075659832,-1.25657964828512,-0.262137399125884,-7.48690381668924,-0.81578198282697,-0.233207436255808,-0.132277821383371,-0.0385012453180991,9.52543902409936,0.111453248103708,0.10400122954977,-0.309929565888237,0.378289337179682,-0.0418938507124346,0.210948732286965,-1.02099228802381,0.371098482603285,0.156361921508314,0.0480938340585684,-0.32434433273804,-4.13839620345126,-0.0000462753507908047
"47",0.371829588596757,-0.877640830812836,-0.134974590357297,-5.49753871595948,-0.458355122828914,-0.00487414377054941,0.112955447438808,0.177005338204734,18.4046230349317,0.0863688759358814,-0.00150480469264233,-0.0501057227157051,0.270328478291703,-0.0418938507124346,0.210948732286965,0.398059435178537,0.429227914084912,0.54452429368637,0.843000810650545,-0.0863691045141529,-2.45190514887192,-0.000157452503115807
"48",-0.211753607708781,0.681094804261408,0.138342457224342,3.08935409544738,0.363873892679699,-0.889382031478545,-0.459751236821988,-0.37527666636562,-27.7238570775004,-0.0400051969640296,0.0372524382497716,0.0711183749685652,-1.31456982166533,-0.0348343772509296,0.19300688585285,-0.777378467457806,-0.495411319536137,-0.348822760361008,0.319306388820024,0.255102428018049,8.62923443310302,-0.000117124207480821
"49",0.15967434262358,0.624789114726652,0.0980926048991239,2.15442665274944,0.287324979182855,-0.875830152943149,-0.461239131989391,-0.389811802224628,-12.5563056187836,0.0223358489197967,-0.019010926810653,-0.625072416721465,-1.70562528129113,-0.0403631683238606,0.213946859159516,0.810308586650804,-0.384899394092611,-0.539246550417841,-0.177785548827877,-0.607407814185961,-1.80243979405452,-0.000141849966448619
"50",-0.0530179223252225,-0.446711956280267,-0.0943458524958097,-1.14271236069586,-0.241866330946755,-2.27354876557024,-1.18107407091104,-1.77437248548767,-39.4451446954742,-0.612441052203509,-0.557897122603913,-0.498145490291505,-2.30814107730752,-0.0376145132355672,0.1970643190193,1.62892996203543,-0.28426526134448,-2.06126002854697,-0.942156420032171,-1.29991781661327,12.2898530993587,0.000132390815220881
"51",-0.556478017729949,.,.,.,.,.,.,.,.,.,.,.,.,.,.,.,.,.,.,.,.,.
"52",-0.326661744382504,0.912537505364975,0.179424038041403,4.81668663142596,0.516121278958326,1.67655633920079,1.02808079068204,0.789298320295758,33.2262511863789,0.220922842494571,0.299736034107812,0.125482042401273,-0.62396338353229,0.2718079488295,0.19300688585285,-1.37870801521341,0.86800006417787,1.1066096623226,0.37410337799428,0.680545587065927,-15.7052651707184,0.000319235506615936
"53",-0.556478017729949,.,.,.,.,.,.,.,.,.,.,.,.,.,.,.,.,.,.,.,.,.
"54",0.362787075659832,-0.642985815174433,-0.0872505897086815,-2.74673440006803,-0.281129909019638,0.237654416793613,0.291737964085933,-0.183146696037157,-3.42245107503489,-0.109194071570122,-0.13287853908334,-0.0322090792287436,0.0172946383229421,-0.0418938507124346,0.210948732286965,0.0367630090200273,0.877528999296055,0.855953845671145,0.424513180470342,0.203186105325371,-0.765414094292533,-0.000179993266632402
"55",-0.211753607708781,-0.942949589904184,-0.137714093497314,-5.28894626986655,-0.466293806692871,1.44362602106856,0.866152579687607,0.999887143444074,28.6468582131167,0.321512467399241,0.531025663456505,0.0193338709500528,-0.911380112546582,-0.0312336554276488,0.20810844793663,-0.00907458997356919,0.856325660988862,1.24626801041049,0.338078680842741,0.66183824748698,-15.1266701458869,0.000146970749082091
"56",0.132970802312387,-0.476148305510023,-0.103870168495097,-1.56119165521119,-0.299396555801329,-2.18993204607325,-1.28893510808438,-1.62113969755295,-46.3955442798739,-0.533094727840465,-0.663552327234848,-0.732886330258609,-3.54072884844957,-0.039949566482098,0.206690891900676,-0.164939148190285,-1.25420614646009,-1.23631913417546,-0.48677548767138,-1.1677759443292,15.8361974448425,-0.0000313238697440686
"57",-0.259148154752346,0.453821898632409,0.0946324424333244,1.18018941535215,0.244708676083765,-1.04858859009853,-0.748077831725715,-0.515481879809462,-9.14058115112263,-0.0445372344944242,-0.287159721027958,0.0258424454340847,-1.82464407200915,-0.0222307634298326,0.19300688585285,-0.00907454917242142,-1.51321204665279,-2.29584538053959,-1.0505907206452,.,-9.62164026976307,0.00043151054254256
"58",-0.326661744382504,0.64526921919673,0.132349491265086,2.77083223393129,0.342345560625959,0.67938061022051,0.515033700134694,0.571420964353359,3.83403962916939,0.074556139542549,0.359892327313688,0.643704188276099,-0.857657642659067,-0.0312336554276488,0.19300688585285,-0.00907454917242142,-0.531659015945385,-0.512492948354607,-0.232499731532065,0.335893659908192,14.7128593340584,0.00043151054254256
"59",0.158058951430214,0.333994639007973,0.0329929605249563,1.77872833058539,0.0108713864494404,-1.00956800781144,-0.54598744285528,-0.854410896840075,-18.839403466033,-0.111154293789714,-0.474918468294733,-0.599436195279798,-0.0181777012103857,-0.0403631683238606,0.209398333393125,0.546990665415705,-0.491297822745664,0.0192171518713731,0.0054550686153684,-0.608304345300324,13.6144194252102,-0.000196323887142268
"60",0.2659572947611,-0.49804963102066,-0.124910524396586,-2.75086675129717,-0.301912555863174,-1.93665371560232,-1.01594950343598,-0.884581960448075,-21.683612163696,-0.283741382702537,-0.401165314353925,-0.770332373138124,-1.36282423211147,-0.0410849246032184,0.209886064154335,1.81443935230353,-0.755455272612119,-1.10004690986184,-0.139877674939827,-1.20335416548734,13.9736274802128,-0.000202707762930535
"61",-0.441569881056227,-0.578354545875821,-0.0727698873771465,.,-0.230679317566623,-1.76582698756666,-1.50679012354011,-0.837369004770526,-21.3830490476693,-0.195205071286012,-0.154336902905939,-0.827311338005297,-2.16094421574768,-0.0222307634298326,0.174579885357839,0.355858521600232,-0.912066341128361,.,.,.,.,.
"62",0.132970802312386,0.238479167080612,0.0529279494536325,1.13732976818099,0.180644652118758,-1.8441896251978,-1.01393903868344,-1.39503288286725,-37.1480022883439,-0.34843088202004,-0.791850374089568,-0.504598719062857,-3.11597562253222,-0.0403631683238606,0.213946859159516,1.75246523526895,-1.55276344961817,-2.27915870393091,-1.23385330678739,-0.888924879905381,9.3064503041072,-0.000171652610774393
"63",0.0180626656386636,-0.925585552578638,-0.213828704448341,-4.41682936549849,-0.629963727152032,0.0201332656903174,0.0613065975312799,0.683419379622953,33.4974553303479,0.19312801139149,0.472223432176146,-0.249495658921336,1.0754353601725,0.144861125273392,0.211731873503239,-1.23174200122115,-0.0242328809868656,0.0660795855116578,-0.209306237758991,0.116970328357999,-3.47625756117222,-0.000157231326090892
"64",0.356024706605065,0.423508248425282,0.0838226414678776,1.57513704349957,0.181416958580228,-1.63476177742381,-1.13616328155101,-1.26164341879201,-24.8616830145765,-0.413030653829017,-0.652172244757574,-0.500287552255546,-1.0352498538068,-0.0418938507124346,0.210948732286965,1.4694897111809,-0.231509266000221,-0.651941150265102,0.510780572169639,-0.721996705781776,17.7859875060803,-0.000119207109280313
"65",0.362787075659832,-0.328723605361997,-0.123889174866787,-3.23441473162522,-0.300843318967901,-0.0708024926865373,-0.0216822151419506,-0.110575719148483,6.64327013855066,0.00715769979666567,-0.0139134647204199,-0.353899590534774,0.593111959581325,-0.0418938507124346,0.210948732286965,0.198786587526042,0.39419714061001,0.259396174797412,-0.251700572502458,-0.0649734559372131,5.98055012402486,-0.000157452503115807
"66",0.0566092264100178,0.066401526169267,-0.052049522878191,2.96318050864442,-0.0948423100477964,-1.4671857040143,-0.84642836307764,-0.803832965467928,-23.8792509140972,-0.199444400153161,-0.323386693168877,-0.945561514342997,-2.17851559953834,-0.0390056652460626,0.207633654847188,0.776759294986307,-0.660892908944598,-1.61456396109076,-0.765454635107515,-0.137393942265143,25.6188550938929,0.0000435076354831158
"67",0.362787075659832,-0.263643042700946,-0.0256891480847623,-1.25273735766571,-0.0378233865897677,0.815216559279599,0.635682752308782,0.0808921117912007,-1.70249936824936,-0.0960788292670619,0.00515714027328312,0.166907106525249,-0.336169418506993,-0.0418938507124346,0.210948732286965,0.706235376573194,1.41320781047508,1.06497878611383,1.03697073430163,0.330749599755745,-9.19786936718932,-0.000157452503115807
"68",0.362787075659832,-1.10793196803665,-0.231541386156998,-6.46713800145545,-0.739722082548632,-0.0814377872500844,-0.053329117988071,0.464728822479969,28.1422579720098,0.120111614972972,-0.0369899464838106,-0.0297628361334133,0.656261677244462,-0.0418938507124346,0.210948732286965,-0.548391955496515,0.0471806644582087,-0.418428670656677,-0.309695669644539,-0.255714528527171,-7.51137831260993,0.0000684608307157884
"69",0.132970802312386,-0.269315477481874,-0.0405033945723944,-1.77284571206056,-0.0970323162964876,0.36799951347597,0.368222382153666,-0.373884860752143,-10.5907161299725,-0.181555106502899,-0.0845023232762246,0.102542737540556,-0.0400853701328567,-0.0403631683238606,0.213946859159516,1.41390458510366,1.24181890600996,0.550573647574907,1.02286716256509,0.433847694079229,-12.9113298922162,-0.00020145525510004
"70",-0.326661744382504,-0.252126322125648,-0.0358983897416887,4.01425080587255,0.0803944685061986,-1.59631585845638,-0.84309453510288,-1.14740689653611,-15.064077173543,-0.231157578763263,-0.432433799479287,-0.61429273206267,-1.87840085618505,-0.0312336554276488,0.19300688585285,-0.408674135675126,-0.0353561876195979,-0.636333401680966,0.319306388820024,-1.01819300507273,20.7964842350137,0.000319235506615936
"71",0.132970802312387,-0.921616305593276,-0.177482990101136,-5.4528361362802,-0.581922575389901,1.53131098812115,0.995169231568186,1.09659589150209,16.5384512390464,0.222374590178535,0.301162408199705,0.384421530709201,1.61041791626091,-0.0403631683238606,0.208482579321087,-0.321513172853889,0.887766483649187,0.771143902831931,0.689959987286329,0.631544299892276,-17.13126479464,-0.0000627330481877756
"72",0.0180626656386639,-0.137354550881928,-0.0223694341754756,-2.13684112217842,-0.162126368200707,-0.860012817883256,-0.465525021343415,-0.209711025316357,-18.8345161051842,-0.014947022223548,-0.0752512627666548,0.127280458106251,-1.49665197049615,-0.0390056652460626,0.203863807681141,0.194254077467033,-0.735476445725781,-0.607730027214973,-0.100170785337497,-0.364114514821268,2.52527150311213,-0.0000407419297696107
"73",-0.326661744382504,-0.745926991532043,-0.130200811151665,-5.45200958319177,-0.551906177606402,-0.177035529462108,0.0234206756898396,-0.241922173133492,-10.2738789079801,0.0311131771352241,-0.296708972643531,0.709618705701806,3.99482776299717,-0.0312336554276488,0.19300688585285,1.86920612831528,-0.51252827320056,-0.298981691111952,0.0532177714863368,-0.417680398329613,14.7128593340584,-0.000117124207480821
"74",0.149894474177942,0.610105136786281,0.119617251733934,3.09291656687196,0.399985497537696,-1.11293616897872,-0.708361792599202,-0.0965268490354755,1.68892646652463,0.0114049984951045,-0.046478462809903,-0.126541675320654,-2.83988680999388,-0.0403631683238606,0.208482579321087,-0.166052159443712,-1.2125995642996,-1.5452063933802,-0.800080240004635,-0.379399074474625,0.64295936241877,-0.000113299829953467
"75",-0.326661744382504,-0.00396329474224714,0.0369993662961982,3.48751146050171,0.310764844946431,-0.121876869746516,-0.154344480382796,-0.0973663913174969,18.9563520139488,0.00785157816558416,-0.0930739634617755,0.0258424454340847,-1.03188922681674,-0.0312336554276488,0.19300688585285,0.69427692868287,-0.199511173143893,0.076807844482536,-0.360139213078854,0.0577718965322115,2.54560953214764,0.000128581660748642
"76",0.365804575050703,-0.931931100498203,-0.179917504769686,-4.06941258203295,-0.470778416059951,-1.09656633976312,-0.577722436012975,-1.01630613458402,-16.4176813014565,-0.245451387137355,-0.228908942249525,-0.394903856556643,-2.23320774926342,-0.0418938507124346,0.210948732286965,0.925505857487472,-0.122589329450733,-0.186796304425139,-0.052668695416033,-0.40812013224671,7.66704117860419,-0.000179993266632402
"77",0.362787075659832,.,.,.,.,3.26330748530098,1.28362811264281,1.73246777902038,28.325881248002,0.366661248300225,0.794798530503103,1.64209225466327,5.64224145661834,-0.0413111765871225,-1.73173899221803,-1.64345896268071,.,.,.,1.84099246868398,-4.13839620345126,0.000458349977721726
"78",0.362787075659832,.,.,.,.,2.7926204595151,1.21738103966218,1.79618195321235,22.3131613941468,0.433714998978302,0.729661912637404,1.33950523603653,4.78787616281633,-0.0418938507124346,-1.73173899221803,-1.74927276594289,.,.,.,1.39265961808929,0.921076960286801,0.000458349977721726
"79",0.362787075659832,0.128323205845655,0.0340232333439654,0.0219824016330307,0.0644632913384095,-0.792164239761507,-0.49019150944248,-0.856151726718703,-23.2462641972012,-0.21133440938391,-0.455109789850527,-0.345515183225287,-2.25266334925354,-0.0418938507124346,0.210948732286965,0.30753922342249,-0.513405450045588,-0.943772467109591,0.397786581729207,-0.273575331928304,-5.82488725803059,-0.000179993266632402
"80",0.247878938986109,0.218786371424514,0.0512434713940999,0.0203661039570962,0.0413321478754262,-1.44878215988659,-0.906237558444825,-1.19432893067772,-26.7398747494943,-0.204335895422752,-0.557982541873606,-0.246861712939914,-3.33123092357831,-0.0410849246032184,-0.204312329854917,-0.0537572027360203,-2.12911948987229,-1.64076619653402,-0.927887343633457,-0.980401872817409,0.283751307416167,-0.000166521242816621
"81",-0.556478017729949,.,.,.,.,.,.,.,.,.,.,.,.,.,.,.,.,.,.,.,.,.
"82",0.362787075659832,-0.818839805063326,-0.142410383143808,-4.78130392940121,-0.492892689671016,0.820798082090413,0.529755919139528,-0.329104208724225,-7.16534167373124,-0.157731113278583,-0.17610914970966,-0.728259548624694,0.0437733484127326,-0.0418938507124346,0.210948732286965,-0.310224950005401,2.14225878686214,2.18155535315575,1.36457327214845,0.522609056976082,-12.570851476348,0.000225962101807548
"83",-0.096845471035059,-0.399191887848177,-0.0696935883716389,-1.1999010597573,-0.16680728338531,1.39668587933605,0.99114267911987,1.26676298442313,33.3263980531321,0.298029823964137,0.398380172181856,0.763714443438536,0.117609736488082,-0.0376145132355672,0.1970643190193,-0.45784473260742,0.254134838941256,0.226047306607096,0.053334099801986,0.707997584534186,-17.0038916893811,-0.000203277543985783
"84",0.362787075659832,-0.860263458241536,-0.175471785402091,-4.91693262854534,-0.545958292960757,-1.83762273254683,-0.943909104154495,-1.06168597677529,-22.3821283411241,-0.26531389706518,-0.434279558041761,-0.171783363057952,0.231511442036075,-0.0418938507124346,0.210948732286965,1.01669016967995,-0.385448865857525,-0.929566752373284,0.148549560957655,-1.14428051515282,16.0994964515009,-0.000179993266632402
"85",0.0180626656386636,0.888796914977529,0.155742661832147,4.24429980426877,0.447122642582374,-1.07072761338197,-0.549960720185157,-0.30684845428141,-30.5132280687557,-0.00677006849345911,-0.102950361395097,-0.111435094790536,-2.65397219700347,-0.0390056652460626,-1.51391087002047,-2.12464748677198,-0.416756708399828,-0.0156654388322842,-0.178551694959914,-0.486707748060326,1.99903885939038,0.000296171130124254
"86",0.362787075659832,0.748875980171944,0.143744689547487,3.60762459987303,0.411170412202413,0.191081737299851,0.226927237436841,0.282185996637581,-3.20233446527515,0.10116516658213,0.296030412292468,0.329147946950261,0.50595422692589,-0.0418938507124346,0.210948732286965,-0.298399435706791,-1.08835012353165,-1.45188374055366,-1.057486422743,0.0508626086367311,-5.82488725803059,0.000108580012550981
"87",0.362787075659832,-0.0899459839034676,-0.00692137471303498,-0.0528056892002332,0.0480585602417527,0.350085648193091,0.131167956003695,1.02699346570151,1.12305375162359,0.320943967797993,0.74288295594322,-0.0114086371400115,1.25932760848646,-0.0418938507124346,0.210948732286965,-0.620611425474294,-0.768307294316087,-1.11157784156459,-0.849886448694795,-0.113064678293101,-0.765414094292533,0.00032357610216126
"88",0.362787075659832,-0.626468158050272,-0.105931561707548,-3.22588943778246,-0.361070433703203,-0.517849456125577,-0.157884354205176,-0.394002454281382,0.225588553215196,0.0154361620578597,0.0867263123400476,-0.0611651096537627,0.830059166349658,-0.0418938507124346,0.210948732286965,-0.201472314108954,0.328779860876043,0.20587718375699,-0.167417212757633,-0.277873508907165,0.921076960286801,-0.000157452503115807
"89",-0.556478017729949,.,.,.,.,.,.,.,.,.,.,.,.,.,.,.,.,.,.,.,.,.
"90",0.362787075659832,1.92868986897833,0.341584603224713,11.7415984743654,1.11235776495751,2.5761219462789,1.30679654043713,0.634473946053474,0.0107424369231941,0.121503818580654,0.174805919578857,0.683528368533958,3.55877036729133,-0.0418938507124346,-1.00323109552866,-2.03834972212362,-0.737964744606856,-0.463297866265351,-0.44345873749536,1.37951789589763,7.66704117860414,0.000477966684485581
"91",0.362787075659832,2.05332343543405,0.350412958329303,13.3747488894354,1.17051873316462,2.54876600412465,0.966258623585664,1.18129369511472,11.7850741372699,0.443366555329608,0.469051435704851,0.673148838922058,4.97196027159292,-0.0418938507124346,-1.24606706109178,-1.84090434240216,.,.,.,1.36973907924701,-2.45190514887187,0.000451811075467071
"92",-0.0404308762574897,-0.044638906227745,-0.0108175137733174,1.29130901708809,0.0778029597560255,-1.86827667715492,-1.11057710826766,-0.725661189510417,-26.4085817858557,-0.203986763168056,-0.10960604836715,-0.577675978408606,-3.32312210246532,-0.0390056652460626,0.205108515745966,-0.77737849214681,-1.15160360343127,-1.56981747301332,-0.580573974841646,-0.864652620888461,15.2171131213939,0.000288600880789475
"93",-0.556478017729949,.,.,.,.,.,.,.,.,.,.,.,.,.,.,.,.,.,.,.,.,.
"94",0.362787075659832,-1.31171927665531,-0.237184571677735,-6.70606204470811,-0.690404551862516,1.04894541834591,0.877100582380875,0.948298301761141,25.1679063049561,0.289325814868521,0.445141854027155,0.0660921708647488,-0.0955242811117913,-0.0418938507124346,0.210948732286965,0.502936521352196,1.48748840377459,1.86448374318161,0.353886407714051,0.667825165873917,-5.82488725803059,-0.000112370976082618
"95",0.362787075659832,-0.963506503839167,-0.181270964996748,-5.98730223771356,-0.573456874683578,-1.82200700332249,-1.18154388186132,-1.33722107087415,-29.3890323713353,-0.259201230135421,-0.554502747460425,-0.355278601354069,-0.425024211268618,-0.0418938507124346,0.210948732286965,1.64820701089884,-0.655024383413639,-1.05027582801702,-0.139787850409746,-1.17680821279696,4.29405906944547,-0.000202534030148996
"96",-0.326661744382504,0.259443721091379,0.0520559750815794,1.64657351506715,0.201896568224653,-1.04961326483619,-0.446631146172068,-0.253611077576165,-7.07213946629558,0.0965579182976287,-0.115488232410302,-0.261573516666952,0.693541650330245,-0.0312336554276488,0.195560831398512,-0.856516835983695,-0.0597276604225485,-0.073482170583117,-0.00174318163007612,-0.169952343844181,13.7292835453308,-0.000182968887342322
"97",0.132970802312386,0.805817181551265,0.157096863594047,4.40410134780241,0.478882833036761,-1.07818583006781,-0.690925871930629,-0.341127976746965,-16.1487806051504,-0.0450338744036994,-0.175070159333472,-0.0149353778398945,-1.40571810729158,-0.0403631683238606,0.213946859159516,-1.0285877064928,-0.767407517931531,-1.32698553615093,0.0438346366596773,-0.701518492379139,0.419338225577865,-0.000112047322122972
"98",-0.326661744382504,-0.295714776967198,-0.0240201065207996,-1.49379342262064,-0.0755303002981737,0.706002559632936,0.468080056589013,0.363830411481991,28.4530634217089,0.0907596469192591,0.133122792505515,-0.396257231405576,-0.946596014510027,-0.0312336554276488,0.20810844793663,-0.85651686229379,1.12001722238181,1.24626801041049,0.338078680842741,0.710946673027724,-15.1266701458869,-0.0000987351191473721
"99",-0.556478017729949,.,.,.,.,.,.,.,.,.,.,.,.,.,.,.,.,.,.,.,.,.
"100",-0.326661744382504,0.62138348510289,0.117894288347667,2.37143296439604,0.320923942205166,-0.593424597963669,-0.359133325310241,-0.0661176149102,13.2889348421432,-0.0595651141590878,0.135393735685263,-0.167387031323474,-2.41599159293153,0.57484955308665,0.19300688585285,-1.37870801521341,-0.297989469478178,0.452644254424195,-0.232499731532065,0.276209713945392,-15.7052651707184,0.000128581660748642
"101",0.132970802312387,-0.760320410522014,-0.127324656880789,-4.43346259280529,-0.452104342883507,1.28368157376812,1.01405282091623,0.604878279632521,20.1738823167771,0.0834757363148862,0.308432276144226,0.513636810053897,1.8378560175345,0.0901767798430372,0.203983450136964,1.29724877062961,1.7716446287462,1.2106165538466,0.830831892830708,0.734284609287247,-8.81466730781925,-0.000173061631564828
"102",0.132970802312386,0.139545488829071,0.0446692892127087,0.839252840865633,0.138051132529388,-0.212027238147586,-0.258139411261911,-0.413580818071561,-9.44038884054683,-0.0445910527539369,-0.209477213046966,-0.743699776718463,-1.2935678891893,-0.0403631683238606,0.209398333393125,0.660103453129495,0.378016973022302,0.354537424805875,0.247640783709608,-0.406612572330104,-4.15980473184853,-0.0000861518167251561
"103",-0.326661744382504,0.986736028041059,0.191379121594566,5.34105909980571,0.567420343556109,-1.3650509438419,-1.0166836735473,-1.37367187752251,-28.1114853737709,-0.26986940702702,-0.607435635737422,0.0258424454340847,-4.63407693488487,-0.0312336554276488,0.19300688585285,-1.37870801521341,-1.95745500544376,-1.36847890929563,-0.51750850600945,-0.446873428195949,14.7128593340584,0.0000250503714969764
"104",-0.556478017729949,.,.,.,.,.,.,.,.,.,.,.,.,.,.,.,.,.,.,.,.,.
"105",0.132970802312387,0.642028034094751,0.125900695747499,3.37105284589073,0.373112471610743,-0.813415734083551,-0.410877847541076,-0.0149564989518355,-3.20304535793053,-0.0288698638992353,0.151377338142203,-0.229545241685506,-2.05475583984018,0.0901767798430372,0.208482579321087,-1.20281729352243,-0.885399031751603,-0.633157385743192,-0.635475006670992,-0.424152620193362,7.30829342131573,0.0000384005153436081
"106",-0.326661744382504,-0.0696435399879451,0.000333942740484388,-1.38289145524847,-0.102590762295353,-0.154864310490987,-0.262221226275994,-0.317287321118047,-22.7497858828858,-0.0231395350729579,0.537699871991026,-0.28072069012522,-1.28115064107181,-0.0312336554276488,0.20810844793663,0.355858480799085,0.430623568171456,0.121093227074738,0.392875670016997,-0.252544190337665,-2.95942034397619,-0.000182528832361423
"107",-0.556478017729949,.,.,.,.,.,.,.,.,.,.,.,.,.,.,.,.,.,.,.,.,.
"108",-0.556478017729949,.,.,.,.,.,.,.,.,.,.,.,.,.,.,.,.,.,.,.,.,.
"109",-0.556478017729949,.,.,.,.,.,.,.,.,.,.,.,.,.,.,.,.,.,.,.,.,.
"110",-0.326661744382504,0.728114941309333,0.142469894845848,3.24795977887569,0.377980378817422,-2.0878359660034,-1.134923387926,-0.531470088352295,-9.16851987721829,-0.0256541163152098,0.0931936585881496,-0.496573741239259,-5.61053604447743,-0.0312336554276488,0.19300688585285,-1.37870801521341,-1.6720801685027,-1.12841145637055,-1.0505907206452,-1.01819300507273,-296.42109988623,-0.000200917920694872
"111",-0.556478017729949,.,.,.,.,.,.,.,.,.,.,.,.,.,.,.,.,.,.,.,.,.
"112",-0.556478017729949,.,.,.,.,.,.,.,.,.,.,.,.,.,.,.,.,.,.,.,.,.
"113",-0.556478017729949,.,.,.,.,.,.,.,.,.,.,.,.,.,.,.,.,.,.,.,.,.
"114",-0.556478017729949,.,.,.,.,.,.,.,.,.,.,.,.,.,.,.,.,.,.,.,.,.
"115",0.362787075659832,-0.479014250095938,-0.0984862349243941,-2.47098377313498,-0.258336965518271,0.82490896487219,0.581929478868855,0.446166842601793,9.62895711431846,0.142631469765798,0.152129615197214,0.219736038537588,1.08351234983634,-0.0418938507124346,0.210948732286965,0.726746652425698,0.927659873471725,0.980688849034236,0.00836215150380094,0.385708165266065,-4.1383962034512,-0.000134911739599213
"116",-0.556478017729949,.,.,.,.,.,.,.,.,.,.,.,.,.,.,.,.,.,.,.,.,.
"117",-0.556478017729949,.,.,.,.,.,.,.,.,.,.,.,.,.,.,.,.,.,.,.,.,.
"118",-0.326661744382504,0.686505729108788,0.132787192320643,3.30399925448826,0.386805078064997,-0.873086199608754,-0.591080277626095,-0.578015696404293,-7.4723061404974,-0.12551272106326,-0.282171363709305,-0.274212115641189,-2.88687595070204,-0.0312336554276488,0.19300688585285,-1.37870801521341,-1.12169874958231,-0.45532280571276,-0.0303603651684876,0.125741583755161,8.62923443310302,0.000128581660748642
"119",0.362787075659832,-0.414018573157887,-0.13313422995676,-2.4416221208917,-0.379317602492629,-0.590564942471173,-0.282624231488395,-0.320444029922734,-8.43307732754001,0.00120653881092711,-0.291774890942033,0.0883059609412379,-0.237383809880605,-0.0418938507124346,0.210948732286965,1.16533977735474,-0.242074651561365,-0.75168125603388,-0.428575700675946,-0.258916413932448,-5.82488725803065,-0.000119207109280313
"120",0.132970802312387,0.556932105377427,0.106413750122274,2.3815513980771,0.342203472948592,-1.19885690677987,-0.747033554535549,-0.474298968994046,-19.6945129312508,-0.127777128773573,-0.202037369191516,-0.471585885777159,-3.15508847772881,-0.0403631683238606,-0.753670750187226,0.405016387481794,-1.24414395241516,-1.28309237775231,-0.470312253549185,-0.727582533849055,5.08651540168341,-0.0000925356925134228
"121",-0.326661744382504,-0.441254810065295,-0.0626010942058135,-1.67315920212427,-0.0667418871259381,-0.227098133810077,-0.0130717085127822,-0.32673203759914,-0.53725092936164,-0.0326393018250092,-0.398550488545851,0.39140116312448,-2.45125998027292,-0.0312336554276488,0.19300688585285,-1.37870801521341,-0.146088646114326,0.213992977787513,-0.51750850600945,-0.0176813110019491,2.54560953214764,-0.000200917920694872
"122",-0.326661744382504,0.297691240980572,0.0460343864517694,1.1248668597756,0.11180585443164,-1.57871046957741,-0.961104603754125,-0.0216546538039755,-13.5279131866475,-0.372452755233847,-0.274441137399529,0.29130270885008,-5.63660198470984,-0.0312336554276488,0.20810844793663,-1.37870805601456,-2.03543248029099,-1.54238621578038,-1.03181842862248,-0.493579480377651,21.3750792598453,-0.0000987351191473721
"123",-0.441569881056227,.,.,.,.,.,.,.,.,.,.,.,.,.,.,.,.,.,.,.,.,.
"124",-0.556478017729949,.,.,.,.,.,.,.,.,.,.,.,.,.,.,.,.,.,.,.,.,.
"125",-0.556478017729949,.,.,.,.,.,.,.,.,.,.,.,.,.,.,.,.,.,.,.,.,.
"126",0.362787075659832,0.62262605483869,0.115057722411891,4.02128305117129,0.456888246745895,1.79109834933491,1.12735655638637,0.399299282817446,14.6731659701872,0.165351288462675,0.322019698691074,-0.359526955879136,2.44052102231458,0.366569801322189,0.210948732286965,-0.657144591392963,1.44041362917994,2.16943659604533,0.812479640578598,0.750876594826251,0.921076960286745,0.0000302154368802939
"127",0.362787075659832,0.953382990789419,0.172309912190353,5.37430912974111,0.563043153032835,2.49286661929587,1.43914716689889,1.82186656684635,67.8312531151542,0.422132353986889,0.765493607115115,0.270404347815515,2.40567756065936,0.675408172372758,0.210948732286965,-0.382444419983181,2.32619230837695,2.50082076176135,1.26715559687127,1.21516384002337,-5.82488725803059,0.000152011525084746
"128",0.362787075659832,1.32314789974838,0.24595802844837,7.35687383294896,0.752618034561797,2.11769450567472,1.36080222118155,1.34408946406525,23.3988077504498,0.251410837511054,0.760068219719784,0.675577235858689,3.17524213008809,0.0597239358913011,0.210948732286965,-0.946221547573694,1.86985417830686,2.0835695385621,0.871092444458556,0.897113331754172,9.35353223318353,0.00017544775759318
"129",0.362787075659832,-0.557564286127406,-0.10267125033912,-2.68959083583615,-0.247936732213532,-0.733539327241653,-0.440287415603373,-0.791988671259079,-25.8158396984307,-0.097522149067031,-0.495137175367742,0.628008810656344,4.05980361237761,-0.0418938507124346,0.210948732286965,2.06566149684212,-0.452480738712776,-1.23963955940595,-1.14460629454157,-0.663930251039296,11.0400232877629,-0.000157452503115807
"130",0.362787075659832,-0.907864188001125,-0.162585650759504,-5.76778850287239,-0.508525752519072,-0.393334562100023,-0.267952637320676,-0.151705922009201,19.0060076622414,-0.0708033129328162,-0.0292929864855381,-0.413071532807198,0.592366011117007,-0.0418938507124346,0.210948732286965,1.27409241325119,0.770702034196108,0.329839306509155,0.426957490957543,-0.439732605405243,0.921076960286745,-0.000179993266632402
"131",0.362787075659832,-1.29865465690646,-0.23419484975544,-7.54329026023015,-0.731872193863536,-0.0758683387747783,0.0311052455420661,-0.0871020514117695,6.53437153059663,-0.13216147586143,-0.0820984238301254,-0.171783363057952,0.55077014093612,-0.0418938507124346,0.210948732286965,0.909838468833042,0.62489898272308,0.486211433225227,0.363279307497115,0.127029524331539,-10.8843604217686,-0.000179993266632402
"132",0.132970802312387,-0.884519379485817,-0.154635230592633,-4.95400691556615,-0.507701333710267,-0.561030251500216,-0.22207300708501,0.341114433658682,22.4685320443297,0.0872224111928476,0.388761292763295,-0.347130066785094,-0.0923626090512218,-0.0403631683238606,0.203983450136964,0.776759310859666,0.153499540378848,0.219918676074582,-0.142533114757742,-0.326151276999273,-6.59288928818693,-0.000202864275890475
"133",0.362787075659832,-1.31063337051358,-0.220837490032891,-7.16670690270715,-0.657886944143223,0.246991273907895,0.0632736316337162,0.264622769610847,-8.79531905698138,0.0115178425741356,0.367458056130029,0.133077367117831,0.741231316771476,-0.0418938507124346,0.210948732286965,1.26453599706054,0.690652560581624,0.890974511523529,0.207084550246078,-0.114916439382452,4.29405906944552,-0.000202534030148996
"134",0.362787075659832,0.254714685883212,0.0614827956810662,1.20842959171904,0.187400277231051,1.41849876508014,0.989891564542049,1.14394738522891,35.2401886415169,0.205856163010139,0.634079268223786,0.344509070070685,1.19686462997966,0.0597239358913011,0.210948732286965,1.81818661716664,1.44143328030247,1.1420692598451,0.836228640331149,0.699314106820337,-5.82488725803065,-0.0000913568778239934
"135",-0.326661744382504,-0.257292156844713,-0.0384444911270542,-0.0417194865696166,0.0620553999447714,-0.795592085868042,-0.595720484969305,-0.224666655404078,-4.84811682265095,0.0208942381760748,-0.114658041944794,-0.274212115641189,-3.13917264124658,-0.0312336554276488,0.19300688585285,-1.37870801521341,-1.51334946635012,-0.703883633507136,-0.726277403800795,-0.33688916643947,-3.53801536880774,-0.000117124207480821
"136",0.362787075659832,0.896862387265354,0.171737866310716,4.6257112305044,0.502429972964434,0.898200318652185,0.649013730717559,0.641001753115136,15.4964564985844,0.053477964214004,0.15580082182652,0.435723367775803,1.9981021797441,-0.0418938507124346,0.210948732286965,1.89942915543743,2.19073157511195,2.01651138872686,1.20689332834165,0.0815221116605087,-2.45190514887192,-0.000202534030148996
"137",0.362787075659832,1.26754195542107,0.251101665772018,7.19198931643876,0.771337550394309,2.74598299406751,1.5348459738706,2.11456582197268,44.0932024147423,0.389536719230874,1.04084646942797,0.947547888406533,3.29134693525419,0.364577295702508,0.210948732286965,0.297208356573381,1.93900591397708,2.04767283191689,0.314671364170442,1.41442152578335,-15.9438335855066,0.000152011525084746
"138",0.362787075659832,0.964555835645614,0.177078521272308,4.59288745775551,0.524205427334964,1.79205962170195,1.24361415480605,1.04439903578182,14.7374267602912,0.0844644334245156,0.399777570127719,0.325301306220064,1.5850464064372,0.569805374529661,0.210948732286965,1.45993329499025,2.07507652810072,1.81434779108235,0.536788619764362,0.433224685503078,-12.570851476348,-0.000157452503115807
"139",0.362787075659832,0.316008650937752,0.0649261552338539,1.48024667432392,0.201567273031462,2.21965347048102,1.44813276556275,1.73451307767594,48.9523896123759,0.337557308854317,1.00161076821179,0.855025402589289,3.12636047894041,0.0597239358913011,0.210948732286965,1.09974396025832,2.26030338484175,2.02979328155073,1.52549519754283,0.869813292163082,-10.8843604217686,0.0000963110621722173
"140",-0.556478017729949,.,.,.,.,.,.,.,.,.,.,.,.,.,.,.,.,.,.,.,.,.
"141",0.132970802312387,1.82076508693646,0.322797324755768,10.9678615916127,0.990769383403384,2.05949624132744,1.34613999359997,0.408067463161001,11.6642841502522,-0.0662542460777656,0.0165576434459614,0.572301076137112,1.28089229382237,-0.0403631683238606,0.208482579321087,-0.698897071758918,1.51375532558436,1.98117647463114,1.98566973848305,0.983588585750996,-8.24415271611063,0.0000752231607641426
"142",0.362787075659832,1.67749922528677,0.300785890534184,9.65234955706166,0.938061794524836,2.24670031294841,1.03911522347945,1.34588018773379,44.6915025988156,0.3744512149417,0.639627867701751,1.38692768576869,1.32626267092135,-0.0418938507124346,0.210948732286965,-0.39277528683229,-0.0925091223070357,0.13295554761457,-0.609628356081475,0.960714001991222,-0.765414094292533,0.000174675637842795
"143",-0.556478017729949,.,.,.,.,.,.,.,.,.,.,.,.,.,.,.,.,.,.,.,.,.
"144",-0.556478017729949,.,.,.,.,.,.,.,.,.,.,.,.,.,.,.,.,.,.,.,.,.
"145",-0.556478017729949,.,.,.,.,.,.,.,.,.,.,.,.,.,.,.,.,.,.,.,.,.
"146",0.362787075659832,1.20913325182273,0.227925347261723,6.70237429146876,0.683117182418499,2.68544065673558,1.24026160643113,1.69308619198039,43.1664344215411,0.308434492956644,0.81287294800558,0.764023028978387,1.54850693965583,-0.0418938507124346,0.210948732286965,-1.52967100507371,0.844881046420018,1.77754352235966,-0.00354709619511549,1.35735201964098,-4.1383962034512,0.000380820804574559
"147",0.362787075659832,1.23855332494152,0.227930807285182,6.76397890094727,0.68662194356366,2.54905481936664,1.29886673954428,1.75876231377734,49.4373047418635,0.288065147370637,0.664422763763567,0.629256133866132,2.12322765716522,-0.0418938507124346,0.210948732286965,-1.02099228802381,1.50471574661061,2.04887379802813,0.695841683009056,1.26612592787454,-9.19786936718932,0.000174675637842795
"148",0.362787075659832,-0.359418577427455,-0.0562523834675305,-0.665417334904863,-0.0832270992509753,-2.01514227721907,-1.06905762377393,-1.57320296056624,-41.6522524265699,-0.290694021873186,-0.818630195420088,0.760454240852939,1.7898384553857,-0.0418938507124346,-0.517559164402408,2.07553849647556,-1.70498202389066,-2.4814570646025,-1.21514442364847,-1.43240887603465,24.8588964415336,-0.00020145525510004
"149",-0.096845471035059,-0.290421763353084,-0.00279567184858931,0.720239011798213,0.0513612057600822,-1.29772114043762,-0.758375820529432,-0.418489025807362,-5.56695437507433,-0.0382606590663797,-0.353447784071565,-0.200083318241584,-1.1010108673996,-0.0348343772509296,0.191279864456185,1.04196891299567,-1.12371154565977,-0.24656513904887,-0.672329367228644,-0.479490795365173,8.25797324306351,0.0000394778286833346
"150",0.362787075659832,-0.500316947275798,-0.122533133538927,-3.32502944231492,-0.401087856227263,-0.633820732331834,-0.402165387784511,-1.09101473154539,-30.1193146506433,-0.258581632340194,-0.605396817365489,1.09688620855588,3.07387570811433,-0.0413111765871225,-0.202352364911179,2.09410416015562,-0.453256166479374,-1.2013493746751,-0.197481909616733,-0.90989281682302,14.4130053969215,-0.000202534030148996
"151",-0.096845471035059,-1.14909846801823,-0.152171416243205,-6.98517810913409,-0.543370097089895,1.0253466203301,0.83047215767084,0.825131315051917,27.1572305892199,0.0787070974245699,0.504520784431433,0.375596744390582,2.17319766606624,-0.0376145132355672,0.198412439197354,0.383822085995069,1.86238481322941,1.17152612413869,0.850646049749988,-0.0529391175215645,-1.25582167269183,-0.000193859483960241
"152",-0.096845471035059,-0.750143589698777,-0.10904096189128,-3.15748656461703,-0.33435350245617,0.0116559036657492,0.103269821900675,0.937078481389047,20.861816597012,0.30374765252512,0.487577748390848,-0.239003218959293,0.70163418228139,-0.0376145132355672,0.205108515745966,-0.708707736208832,0.186053442924807,0.292917945790735,-0.162659499618929,0.0144440562775409,8.70739205722951,-0.000201429733295019
"153",0.247878938986109,-0.377120516375622,-0.0808481470145215,-2.36877226747029,-0.229353261561128,-1.80451358341687,-1.01639989301716,-0.444296239791219,3.49395231464444,-0.0416073777677674,-0.302273362781847,-0.640610852519412,-2.35824402636012,-0.0410849246032184,0.209886064154335,0.163748069056875,-1.45726768347527,-1.99585917211472,-1.46515963325155,-1.47648816737757,25.0825175783745,0.0000752231607641426
"154",-0.096845471035059,-0.537328204671427,-0.0882262193685327,-5.24281764464556,-0.36374223566871,-0.339285559726424,-0.327323238151114,-0.775159050995121,-23.3582793675419,-0.0611406584704824,-0.32810019862509,-0.871036959845723,-4.46223396270155,-0.0369002545304653,0.204398096463241,1.40142890149185,-0.720982787631509,0.213992977787513,-0.232499731532065,-0.33688916643947,14.7128593340584,-0.000200917920694872
"155",0.132970802312386,-1.36947401232115,-0.23019652848346,-7.33811147701502,-0.705033630212557,0.985373600262103,0.685188412153478,1.35880169200773,30.4884019884808,0.3225557717191,0.718678750478603,0.23403343000521,1.54069222022037,-0.0403631683238606,0.209398333393125,0.38121433480624,0.692353005779281,1.21415909749641,0.396227777547974,0.488972597854125,-4.15980473184853,-0.000166521242816621
"156",0.362787075659832,-0.71686035357846,-0.105117502772767,-4.18832517459645,-0.327560828380739,0.617712559335586,0.493768689926065,0.605522963568737,18.0654354024256,0.142317881360787,0.240791648175357,0.577517578608564,0.404440768504866,-0.0418938507124346,0.210948732286965,1.81818661716664,1.1183658468791,1.22532017581136,0.535403628688671,0.321481727554549,-4.1383962034512,-0.000202534030148996
"157",0.362787075659832,0.27932369505887,0.0670481691580438,0.975712293996373,0.1698543204499,1.97620750113292,1.37384672726175,1.41131053166228,35.6249700929315,0.262537655154495,0.690791120476381,0.582087140811866,1.59546924501552,-0.0418938507124346,0.210948732286965,1.45993329499025,2.32582859167149,2.61917052237775,0.861018956564912,1.16392973751279,-17.630324640086,-0.000179993266632402
"158",0.362787075659832,1.32351553895088,0.248156147217421,7.69821639864844,0.794531676623814,2.72017134946611,1.32637168047025,1.26312441417062,25.9686891813003,0.150406841493625,0.557145073144348,0.924637862204504,1.20889459927325,0.262959509098772,0.210948732286965,-1.04314866917153,2.21962052830289,3.04702918363936,1.69262655319636,1.2275071476133,-5.82488725803059,0.000380820804574559
"159",0.362787075659832,1.52252872044529,0.270778868044154,8.77312450998551,0.840717823869643,1.41970529137074,0.674299758525528,0.576728634171866,17.1870490379569,0.135246777997297,0.346873852711209,0.564504406139257,2.86869584623623,-0.0418938507124346,0.210948732286965,-0.382444419983181,-1.37513128120961,-1.31617554506941,-0.745448218050894,0.541377056183838,5.98055012402486,0.000357157380943867
"160",0.362787075659832,0.786029894081503,0.157176136352286,4.32945328546531,0.460383873395005,1.46584618872528,1.13367450348786,0.455099435719618,13.608166722864,0.0233433085533764,-0.101178073549648,0.927245587112254,3.89296627523497,-0.0418938507124346,0.210948732286965,1.90317642030054,0.486984045756172,0.0873984575950887,0.241861140203071,0.791562345241737,-2.45190514887192,-0.000179993266632402
"161",0.132970802312387,0.509358402182219,0.101854400792304,2.61804513010361,0.311374223954393,2.1072082716136,1.50907839549981,1.65112029111148,40.2353865887375,0.261201763573249,0.656316479396728,0.324482786836011,1.7579290325003,0.612336572510628,0.208482579321087,0.92550584725174,2.15983866573916,2.53052001180493,0.933763086198758,1.10936818202994,-8.24415271611063,-0.0000627330481877756
"162",-0.556478017729949,.,.,.,.,.,.,.,.,.,.,.,.,.,.,.,.,.,.,.,.,.
"163",0.132970802312386,1.74717198020199,0.318795764945087,10.5095589134521,1.0136740811244,-0.0623862588039957,-0.0372317411572748,-0.148489959386907,10.8602291573587,-0.153308476172302,-0.314157407964235,0.25330041221526,2.92355022752895,-0.0403631683238606,0.213946859159516,-0.825433411764436,-0.137587832451741,-0.672997740066496,0.0272786562829217,-0.646681002267324,13.7500063433719,0.00038483569422686
"164",-0.326661744382504,.,.,.,.,0.67938061022051,0.397519235334467,0.0655631865756462,-19.4441138382553,-0.0544654521025578,0.0402739213559353,0.471374947343261,-1.26711948624332,-0.0312336554276488,-2.49034149901799,-0.856516821492643,.,.,.,0.255102428018049,14.7128593340584,0.000407202630352567
"165",0.247878938986109,.,.,.,.,2.28859979500201,1.2348060994173,1.12185383771995,0.333085041107363,0.456565737723062,0.244059787580711,0.588436114172684,5.78082044614956,-0.0393296474057233,-2.67797740920385,-1.86688668205675,.,.,.,1.12638329535274,16.1954054998451,0.000446157162426687
"166",0.132970802312386,.,.,.,.,1.80747555653899,0.987145444804397,0.794033616760968,-5.26933324370188,0.415159258200417,0.116225173238713,0.549108657574573,3.68851669712744,0.0901767798430372,-1.7149083256235,-1.62321529885738,.,.,.,0.970655376985105,13.6144194252102,0.000452541038214954
"167",0.132970802312387,0.841489548438974,0.161049130127936,4.33259690293946,0.458145488151973,1.65538201056702,1.03745209616215,0.941506187997637,19.5499792676651,0.0769656813312354,0.523281056592761,0.29187376826704,1.05404442612124,0.0901767798430372,0.208482579321087,-0.698897071758918,2.14231432605637,2.84638939813982,1.56202316449211,1.10183682257827,-8.24415271611063,0.000112045806184803
"168",0.132970802312387,.,.,.,.,-2.00655576885814,-1.20882919699052,-1.84370853033132,-59.2254929986275,-0.480838821217751,-0.785090274312115,-1.22109357284392,-0.776478125881592,-0.0295506334607367,-2.62446912686201,1.75246525241598,-1.62841042992518,.,.,.,16.052905631321,-0.0000121662664220837
"169",0.362787075659832,-0.575463272983305,-0.125973032690021,-2.9748998956743,-0.362363731783051,-2.20672039748505,-1.16438425184091,-1.57727221347618,-31.1217045682916,-0.488034388758056,-0.626360725762595,-1.32567032442742,-0.412614725554761,-0.0418938507124346,0.210948732286965,1.54929194484922,-0.887835290931177,-0.945179091647686,0.147035569961233,-1.54869251041399,14.4130053969216,-0.000179993266632402
