"","SNP","Chromosome","Position","GLM.Lg","MLM.Lg","CMLM.Lg","SUPER.Lg","rrBLUP.Lg","Adj.P.GLM.Lg","Adj.P.MLM.Lg","Adj.P.CMLM.Lg","Adj.P.SUPER.Lg","Adj.P.rrBLUP.Lg"
"600","PstI.TP706227",1,6336683,0.0000416925896834992,0.000681440854462357,0.000681440854462357,0.0000000000250653862247152,0.541348323833019,0.0104257537854256,0.117103988361131,0.117103988361131,0.0000000170671633599532,1
"770","PstI.TP158030",1,8374092,0.00343793780997053,0.00485322637404809,0.00485322637404809,0.00000103322089351525,0.690939097940554,0.134646391738373,0.300301764467459,0.300301764467459,0.000157328589051385,1
"884","PstI.TP336334",1,9630139,0.0032702791616387,0.00772129193306149,0.00772129193306149,0.00000210209562226467,0.769657598022337,0.131060876115301,0.374674647091545,0.374674647091545,0.000289543613802624,1
"1270","PstI.TP364469",1,15807512,0.0000705337925225734,0.00263025369316853,0.00263025369316853,0.000000158948134480969,0.183401454410425,0.0147989738636897,0.234602905144906,0.234602905144906,0.0000316912722494431,1
"1513","NsiI.TP562524",1,21213159,0.0314768492838868,0.0919303557290497,0.0919303557290497,0.0000000862741087146943,0.356869634540184,0.410530009742286,0.857921561300736,0.857921561300736,0.0000191009818116312,1
"1538","NsiI.TP717159",1,21610202,0.0018854111752591,0.0745001022847725,0.0745001022847725,0.00000000105771271177655,1,0.0959671628952756,0.8090760431095,0.8090760431095,0.000000424119292695468,1
"1824","NsiI.TP177228",1,54134389,0.00736113188813737,0.006303606093063,0.006303606093063,0.00000000295723177378207,0.83777300669139,0.204546920566911,0.338518655783419,0.338518655783419,0.00000102615942550238,1
"2030","PstI.TP268120",1,58685595,0.00000636289592608785,0.000569749285051201,0.000569749285051201,0.00000000671454050191234,1,0.00382706980301097,0.106918660244482,0.106918660244482,0.0000019541478841372,1
"2486","PstI.TP28636",1,66901342,0.000623084334256417,0.000890889898637741,0.000890889898637741,0.00000000453954043676816,0.369576070284784,0.0543510454946866,0.135277651504924,0.135277651504924,0.00000142454726332252,1
"2564","PstI.TP1167044",1,67636497,0.0030776642146617,0.012299508130569,0.012299508130569,0.00000000277753920804663,0.481649151098992,0.127370121764577,0.437305073316231,0.437305073316231,0.000000973163446019289,1
"2599","NsiI.TP147902",1,67937825,0.00210222996578195,0.000855516270960964,0.000855516270960964,0.0000000894157635497729,0.989403932485742,0.101424164445373,0.132515006613365,0.132515006613365,0.0000195565822726315,1
"2857","PstI.TP225232",1,70799952,0.0615303474586887,0.095536754305829,0.095536754305829,0.000000607082947621144,1,0.553466395585533,0.871176244221791,0.871176244221791,0.0000986865288907741,1
"2906","PstI.TP1112721",1,71302602,0.0235804252462178,0.122685667446432,0.122685667446432,0.00000261461514492533,0.964280516369918,0.364753701794045,0.931551250500908,0.931551250500908,0.000350184300599521,1
"3350","NsiI.TP641784",1,75379851,0.0000881833785960655,0.000147183733313314,0.000147183733313314,0.000000000779556910920936,1,0.0165748008686188,0.0478519510613592,0.0478519510613592,0.000000334912497634699,1
"3389","PstI.TP186953",1,75764897,0.000443845458270464,0.00987481689602853,0.00987481689602853,0.00000139450449472949,0.828086046822616,0.0452471607289958,0.409498811629516,0.409498811629516,0.000200497522732262,1
"3394","NsiI.TP560502",1,75823863,0.00392220033284176,0.0568160142570119,0.0568160142570119,0.000000000288061641246251,0.777263184523645,0.143992233582496,0.749429323325744,0.749429323325744,0.000000148508121561353,1
"3480","PstI.TP324439",1,76705670,0.000183150940538461,0.00554717853573433,0.00554717853573433,0.000000370388145499011,0.888624286016606,0.0266514158957741,0.318261651824452,0.318261651824452,0.0000678505959125295,1
"3616","NsiI.TP193091",1,77956626,0.000355533133113877,0.00236944808405368,0.00236944808405368,0.000000000977289122765226,0.148990479582816,0.0391173161823585,0.222678756399295,0.222678756399295,0.000000400777384799449,1
"3648","PstI.TP469636",1,78240594,0.0000652370487548913,0.0000537364554491108,0.0000537364554491108,0.000001331580204767,0.514363408494117,0.0139306190264291,0.0278137130992969,0.0278137130992969,0.000193766396893675,1
"3790","NsiI.TP743891",1,79380852,0.000100866860341641,0.000954654894846895,0.000954654894846895,0.00000000787934499734624,1,0.0176573772726492,0.138359782510983,0.138359782510983,0.00000225674446241453,1
"4140","PstI.TP904839",10,3116773,0.000432021523144208,0.000829911368143259,0.000829911368143259,0.000000926842918024361,0.70714328191933,0.0444680176167774,0.131388700269796,0.131388700269796,0.000142939774468646,1
"4170","NsiI.TP510014",10,3497449,0.0000429495670032413,0.00660897579073603,0.00660897579073603,0.00000126625232195774,0.240623496423666,0.0104257537854256,0.348182070563623,0.348182070563623,0.000185758186157768,1
"4376","NsiI.TP216159",10,6514871,0.00116333239140254,0.00152371475884054,0.00152371475884054,0.000000388653687688121,1,0.0751865376284718,0.179113414387744,0.179113414387744,0.0000704810767903965,1
"4395","PstI.TP852620",10,6797132,0.000537401608096754,0.000404552716340689,0.000404552716340689,0.0000000000104386854959821,1,0.0501130471136839,0.0876176430355511,0.0876176430355511,0.00000000753422564358004,1
"4488","NsiI.TP492189",10,8261222,0.00404682636714154,0.00915346836940769,0.00915346836940769,0.00000000665352590966449,0.143570079909338,0.145750369199006,0.40040044426083,0.40040044426083,0.00000195213368315424,1
"4626","NsiI.TP816010",10,11668119,0.00639124483790738,0.0491364472508243,0.0491364472508243,0.000000107729800982727,0.235034924148294,0.187670662091458,0.72005843460683,0.72005843460683,0.0000226032154527015,1
"4701","NsiI.TP245242",10,15872817,0.0000393310717112901,0.000467225404969532,0.000467225404969532,0.00000157734544349334,0.512956447171217,0.0104109871296683,0.0961637918027148,0.0961637918027148,0.000222356415487452,1
"4747","PstI.TP502430",10,19879226,0.000140561391475217,0.00132796520057014,0.00132796520057014,0.00000228512831610598,1,0.0220546934589462,0.166981213094687,0.166981213094687,0.000312370116180427,1
"4868","NsiI.TP790039",10,43096238,0.0000000888291496520145,0.00000313315158934975,0.00000313315158934975,0.215236573378616,0.961455929148452,0.000231801790289048,0.00513950793438426,0.00513950793438426,0.718364695215557,1
"4891","NsiI.TP787086",10,43096249,0.021660150635175,0.0881161509648631,0.0881161509648631,0.00000000491025034207695,0.216999147062918,0.351787360991087,0.846854804898774,0.846854804898774,0.00000151453943884507,1
"4964","PstI.TP238558",10,47224962,0.0000777363322493005,0.0110062235562538,0.0110062235562538,0.0000000885644118820686,1,0.0155852708789598,0.42480491518512,0.42480491518512,0.0000194884908292689,1
"4990","PstI.TP408419",10,48095053,0.0032802199191933,0.0258025007034655,0.0258025007034655,0.0000000539826662498999,0.707844449067606,0.131092554201382,0.578353712203412,0.578353712203412,0.0000127328526772967,1
"5299","PstI.TP49353",10,55083551,0.00000871138383456419,0.00153470010462987,0.00153470010462987,0.00000107063744522697,0.867028696323518,0.00441766981213242,0.17973783814105,0.17973783814105,0.00016166177457469,1
"5406","NsiI.TP328184",10,56346502,0.00293856179711838,0.00607828526477499,0.00607828526477499,0.000000239762514408799,1,0.124385978369145,0.333870865502587,0.333870865502587,0.0000462703188234478,1
"5439","NsiI.TP521066",10,56914882,0.00000376683389106325,0.000586700680798622,0.000586700680798622,0.00000000000000791513633369904,0.167697258550205,0.00271875002921381,0.108578739326465,0.108578739326465,0.0000000000158689688894739,1
"5494","PstI.TP694310",10,57658733,0.00148617102269778,0.00438948594652772,0.00438948594652772,0.000000217650473886998,0.307663169607356,0.0858602225810749,0.291190751540979,0.291190751540979,0.0000424571367655891,1
"5911","PstI.TP16254",11,130,0.00394827232935054,0.0191341233562716,0.0191341233562716,0.00000164573632673705,1,0.144215841924699,0.514156547789374,0.514156547789374,0.000231094679219014,1
"6343","PstI.TP81008",11,677,0.00000000733721606701685,0.0000000677914868490522,0.0000000677914868490522,0.0000000623588697664969,0.671189211437076,0.0000378264933466434,0.000489291835481719,0.000489291835481719,0.000014425685205983,1
"6383","PstI.TP86865",11,732,0.0000232847550845816,0.000230227960297999,0.000230227960297999,0.00000000000052045855795932,1,0.00770917652745304,0.0610916664061337,0.0610916664061337,0.000000000481597652298357,1
"6449","PstI.TP99018",11,812,0.0000143571425449955,0.0000486956270612271,0.0000486956270612271,0.0000000000000184573408834484,1,0.00595540873751491,0.0278137130992969,0.0278137130992969,0.0000000000317185008477089,1
"6530","PstI.TP110497",11,912,0.00001691513459014,0.0000414052197196299,0.0000414052197196299,0.0000000032760892777092,0.162611733746962,0.00643318600195237,0.027670954985963,0.027670954985963,0.00000110492999863523,1
"6582","PstI.TP118720",11,980,0.000000372306255983873,0.000357831621986792,0.000357831621986792,0.0000000000000566005081894016,0.688056602070729,0.00053743152663784,0.082194911428289,0.082194911428289,0.0000000000851082974807969,1
"6693","PstI.TP133767",11,1119,0.000760558909196282,0.0014407611976929,0.0014407611976929,0.00000261997786416179,0.960125599947332,0.0595929741022325,0.174477147994434,0.174477147994434,0.000350184300599521,1
"6727","PstI.TP139915",11,1160,0.00000726070039795044,0.0010099959654262,0.0010099959654262,0.00000000437685155659934,0.971682217207872,0.0040941274368943,0.142936213334513,0.142936213334513,0.00000139780370773944,1
"7009","PstI.TP186444",11,1527,0.0000000000590342837826542,0.00000000798965221399826,0.00000000798965221399826,0.00000000000000000000162880883586671,0.626284733751013,0.00000106521461657421,0.000144165284549385,0.000144165284549385,0.0000000000000000293902266343789,1
"7022","PstI.TP189102",11,1542,0.000113047224036185,0.00021448043365731,0.00021448043365731,0.000000000692138741965934,0.260004948846461,0.0191532780329476,0.0577673861716044,0.0577673861716044,0.000000312223786500833,1
"7028","PstI.TP189665",11,1548,0.000269495358408461,0.0033477854978323,0.0033477854978323,0.0000024891900400391,0.858154725308309,0.0337386468427893,0.261504075856649,0.261504075856649,0.000338980717603513,1
"7079","PstI.TP198603",11,1615,0.00000361908263208709,0.000155201602373792,0.000155201602373792,0.00000000000387520627010273,0.0494191573577609,0.00266541742911753,0.049130837074258,0.049130837074258,0.00000000297549880586101,1
"7459","PstI.TP256291",11,2091,0.000248357806447536,0.0000923932864990104,0.0000923932864990104,0.0000000960841865006886,0.865676946984652,0.0320097732824239,0.0350977781386978,0.0350977781386978,0.0000207633899547117,1
"7551","PstI.TP273013",11,2218,0.0000123158694372712,0.0000532069512423508,0.0000532069512423508,0.00000000048565701671444,0.044565096943222,0.00535488067773787,0.0278137130992969,0.0278137130992969,0.000000240087539988914,1
"7582","PstI.TP280351",11,2258,0.00000290876667630268,0.00000647626490663197,0.00000647626490663197,0.000000150554687314297,0.95742373642303,0.0023327015958758,0.00834698028394766,0.00834698028394766,0.0000305236941336986,1
"7707","PstI.TP304955",11,2412,0.014344835964236,0.0460215038284683,0.0460215038284683,0.00000327753713729119,0.0414852997281477,0.288113810347464,0.701361499223718,0.701361499223718,0.000419431773796328,1
"7755","PstI.TP312970",11,2475,0.00885479664374716,0.0376095248054451,0.0376095248054451,0.00000121556672512553,0.751515126536302,0.223150769049963,0.662986238093852,0.662986238093852,0.000179784311378402,1
"7786","PstI.TP316592",11,2507,0.80465205934277,0.74173929313962,0.74173929313962,0.82672156721375,0.00000000149986562729554,0.970005771685758,0.99990690322193,0.99990690322193,0.972055309564028,0.0000270635753789207
"7930","PstI.TP339933",11,2685,0.0104092874723397,0.0124611755249145,0.0124611755249145,0.00000395017679612368,0.137566716297116,0.243296869366448,0.438256343632098,0.438256343632098,0.000498440490274515,1
"8168","PstI.TP381085",11,2985,0.00000525599211900074,0.000027260211942282,0.000027260211942282,0.00000000000000026545985774812,1,0.00338711149268748,0.0228782913621645,0.0228782913621645,0.000000000000736916565108781,1
"8177","PstI.TP382933",11,2997,0.00546891685560551,0.0590370517485903,0.0590370517485903,0.000000440259052685436,0.837818631266166,0.171321416219698,0.758101291339531,0.758101291339531,0.0000763849456409231,1
"8224","PstI.TP392821",11,3056,0.000631623427061394,0.00550180977711652,0.00550180977711652,0.00000056724351437559,0.953803615541847,0.0545487515521212,0.316665568160416,0.316665568160416,0.0000939022199393867,1
"8266","PstI.TP398239",11,3105,0.0129403834283021,0.0437573324541749,0.0437573324541749,0.000000958738598386986,0.286000402961608,0.272329905233866,0.689813540047374,0.689813540047374,0.000146800325568084,1
"8324","PstI.TP410682",11,3180,0.0126016196910245,0.188254011512255,0.188254011512255,0.000000763098624222337,0.395046952338173,0.269571577599106,0.99990690322193,0.99990690322193,0.000120256345637274,1
"8435","PstI.TP433234",11,3320,0.00807811912672842,0.00474324970823724,0.00474324970823724,0.00000068935185696745,0.743411203656798,0.213896996526106,0.296720125126099,0.296720125126099,0.000110565910285517,1
"8693","PstI.TP479083",11,3637,0.000061087379036597,0.00221147329837612,0.00221147329837612,0.0000000180825310217997,0.769501715959474,0.0135246707648633,0.216052701078396,0.216052701078396,0.00000466115985367648,1
"8752","PstI.TP488963",11,3705,0.0000000087227339031403,0.00000115830792362576,0.00000115830792362576,0.0574727603472341,0.0416563412683948,0.0000393482526370659,0.00420396913397615,0.00420396913397615,0.453350158559778,1
"8857","PstI.TP507126",11,3831,0.00513441613475545,0.0226554506873767,0.0226554506873767,0.0000000355580799319431,1,0.16588255100363,0.550936593265533,0.550936593265533,0.00000884979302471698,1
"8885","PstI.TP512725",11,3867,0.000135316289349081,0.0137748697449548,0.0137748697449548,0.000000246474153370168,0.383419721545176,0.0215123094714962,0.450686762788693,0.450686762788693,0.0000473125491852267,1
"8914","PstI.TP522119",11,3902,0.000000000000434334086345624,0.000000000015752868867176,0.000000000015752868867176,0.00000000000000000000000127243173528444,0.859901950021728,0.0000000156742485080409,0.000000568489531678647,0.000000568489531678647,0.0000000000000000000459195164629449,1
"9154","PstI.TP584960",11,4198,0.0000372093161520605,0.0000610034175787025,0.0000610034175787025,0.00000000262276705936136,0.888877832152786,0.0101728015249664,0.0291580047793063,0.0291580047793063,0.000000937132847903295,1
"9298","PstI.TP624372",11,4381,0.0000201663902778817,0.00429854914494626,0.00429854914494626,0.000000000000139306970238913,0.644373711838418,0.0072304087886366,0.288338367179964,0.288338367179964,0.000000000162171288451029,1
"9302","PstI.TP625486",11,4386,0.00116903339837198,0.0243601805343595,0.0243601805343595,0.000000106409012808705,0.400371799538068,0.0753358522865143,0.563893646647829,0.563893646647829,0.0000225887556131797,1
"9496","PstI.TP664355",11,4635,0.00330196960604887,0.0492693088142854,0.0492693088142854,0.00000257756191547581,0.971050854669742,0.131815795512269,0.72005843460683,0.72005843460683,0.000348385971556895,1
"9717","PstI.TP709060",11,4917,0.0000000554095288778079,0.00000673098281645098,0.00000673098281645098,0.000143715294486074,0.220969425827259,0.000166634923178528,0.0083761278579339,0.0083761278579339,0.009114934178231,1
"9847","PstI.TP735528",11,5072,0.00146619352709588,0.0327192251140102,0.0327192251140102,0.000000000000284569011732213,1,0.0856719727780134,0.625712326260105,0.625712326260105,0.000000000299722884632389,1
"10167","PstI.TP791664",11,5479,0.000047758265606882,0.00059470627028516,0.00059470627028516,0.0000000000000454228479085601,0.697849060311361,0.0109777088485424,0.109498774908423,0.109498774908423,0.0000000000712704232749616,1
"10417","PstI.TP834553",11,5778,0.0000305131611199363,0.0000989883719261196,0.0000989883719261196,0.00000000000145349527499967,0.336584515733416,0.00888031418142146,0.0364519629190796,0.0364519629190796,0.00000000124889851152829,1
"10505","PstI.TP849262",11,5889,0.00000192445134238595,0.0000190986745362782,0.0000190986745362782,0.00000000244490548662245,0.231155005894234,0.0017807589754878,0.0181377096490844,0.0181377096490844,0.00000088231749201231,1
"10712","PstI.TP882016",11,6159,0.000723348976211553,0.00384472350471466,0.00384472350471466,0.0000000322511282025855,0.336494947170391,0.0585065070932332,0.276391198880762,0.276391198880762,0.00000808249107343684,1
"10819","PstI.TP903161",11,6295,0.0000773054603735986,0.000921011804739116,0.000921011804739116,0.000000509429648889661,1,0.0155852708789598,0.135663159222144,0.135663159222144,0.0000863112543151647,1
"10863","PstI.TP908981",11,6345,0.000527734639979039,0.00453141953706854,0.00453141953706854,0.0000000485796530990895,1,0.0496851709175701,0.293748738896071,0.293748738896071,0.0000116102153711254,1
"10982","PstI.TP927154",11,6490,0.000192465035903302,0.000298028100109381,0.000298028100109381,0.00000000000048230238372316,0.490831653701589,0.0275622151415808,0.0712267422301148,0.0712267422301148,0.000000000458034958521089,1
"11090","PstI.TP948994",11,6627,0.000623512880591894,0.000491482461448372,0.000491482461448372,0.0000015690391181781,0.329172298005818,0.0543510454946866,0.0985367726041603,0.0985367726041603,0.000222052877242397,1
"11115","PstI.TP954144",11,6659,0.000983563699535914,0.0107574457074429,0.0107574457074429,0.000000106191518998397,1,0.0679977907832415,0.420777468028871,0.420777468028871,0.0000225887556131797,1
"11159","PstI.TP967303",11,6716,0.00000483618497617244,0.0000539503413032249,0.0000539503413032249,0.000000000668011052937058,0.555903866278232,0.00329298572490775,0.0278137130992969,0.0278137130992969,0.000000312223786500833,1
"11322","PstI.TP996826",11,6920,0.0000077853878872017,0.0000388173323036814,0.0000388173323036814,0.00000000000000126955035442887,0.793981280504832,0.00416235305414357,0.0264309412863256,0.0264309412863256,0.00000000000305436887937527,1
"11485","PstI.TP1027760",11,7147,0.000000674501383755774,0.0000682225086503143,0.0000682225086503143,0.000000455864224970111,1,0.000841298797774624,0.0300245596606408,0.0300245596606408,0.0000783391816701017,1
"11611","PstI.TP1052041",11,7302,0.00178376249739763,0.0147160299924704,0.0147160299924704,0.00000115548375614847,0.404352549503937,0.0930060942663809,0.463068178446196,0.463068178446196,0.000172310321454074,1
"11963","PstI.TP1107629",11,7755,0.000107377702087876,0.000191717896489805,0.000191717896489805,0.000000000809818074413707,1,0.0182785212874871,0.0540524644415944,0.0540524644415944,0.000000339822263598161,1
"12095","PstI.TP1130370",11,7930,0.00745484087285298,0.00361476738888419,0.00361476738888419,0.000000116981372726144,0.427227027409738,0.204546920566911,0.268319780848638,0.268319780848638,0.0000242622056260982,1
"12331","PstI.TP1171896",11,8235,0.0131080130772675,0.134189312093677,0.134189312093677,0.00000297123096636161,0.217936475777378,0.274364076598844,0.952310372039048,0.952310372039048,0.000385704255805963,1
"12370","PstI.TP1176715",11,8291,0.00000165643632848804,0.0000465905915958637,0.0000465905915958637,0.0000000000000000840033908732509,0.646753944704927,0.00157309142690727,0.0278137130992969,0.0278137130992969,0.000000000000256106145227157,1
"12395","PstI.TP1180478",11,8320,0.00000122936819107012,0.00004751047643278,0.00004751047643278,0.000000000000000000170060517285019,0.780939335027538,0.00127809363833519,0.0278137130992969,0.0278137130992969,0.00000000000000153428598694544,1
"12406","PstI.TP1181998",11,8335,0.303691913947332,0.668561495327376,0.668561495327376,0.0574322068125997,0.0000000326132764157318,0.92843577283662,0.99990690322193,0.99990690322193,0.453337224783042,0.000392315973096976
"12474","PstI.TP1191859",11,8428,0.0000730361303979183,0.00981629552520742,0.00981629552520742,0.00000117581420072553,0.669154446386137,0.0149857504560343,0.40841497656247,0.40841497656247,0.000174620505661658,1
"12508","PstI.TP1198511",11,8468,0.000072140023972359,0.00339477920858253,0.00339477920858253,0.000000315370526268402,0.190657079953666,0.0149857504560343,0.26284243214522,0.26284243214522,0.0000583850836570138,1
"12518","PstI.TP1200684",11,8480,0.00188130003570331,0.0125457387514302,0.0125457387514302,0.00000123509024834835,0.815139507847088,0.0959671628952756,0.438256343632098,0.438256343632098,0.000181926272989368,1
"12889","PstI.TP1268571",11,8932,0.00221754823227548,0.0128847127939082,0.0128847127939082,0.0000000151572034624212,1,0.105298527113628,0.44136153490405,0.44136153490405,0.00000399265079234932,1
"12933","PstI.TP1275218",11,8982,0.000293663660941319,0.00798934295925349,0.00798934295925349,0.0000000218011672474901,0.296014129294954,0.0353257806535011,0.380397945222224,0.380397945222224,0.00000554056706779875,1
"12949","PstI.TP1277966",11,8999,0.00378854520235851,0.0256458920447603,0.0256458920447603,0.000000829160615746821,1,0.141171910944491,0.577000593585605,0.577000593585605,0.000130098905656832,1
"13188","NsiI.TP20006",11,9349,0.0120756220486191,0.00480976956076434,0.00480976956076434,0.0000000514679617219147,0.849107930629424,0.263889059250133,0.299267179153213,0.299267179153213,0.0000122195776488188,1
"13282","NsiI.TP31814",11,9489,0.0184178439976583,0.0667635332632936,0.0667635332632936,0.000000127038431432552,0.142018270887026,0.327552900878859,0.784297652475827,0.784297652475827,0.0000260486529178292,1
"13326","NsiI.TP36040",11,9542,0.0198956015225009,0.118468057499443,0.118468057499443,0.00000130623471971527,1,0.338037885001889,0.925038794266255,0.925038794266255,0.000190847767469978,1
"13329","NsiI.TP36344",11,9549,0.00370033598378929,0.00708367435080001,0.00708367435080001,0.0000000293737271296014,1,0.139830078516218,0.35946908425967,0.35946908425967,0.00000741286059197941,1
"13494","NsiI.TP56527",11,9790,0.00000000112231606891587,0.0000000561017543818628,0.0000000561017543818628,0.00000000000000000347036602094179,0.260169015185096,0.000010125535573759,0.000489291835481719,0.000489291835481719,0.0000000000000208730948272912,1
"13521","NsiI.TP59114",11,9826,0.000000208425736731578,0.000000918458793525207,0.000000918458793525207,0.0000000000000000000249721661453044,0.33666539280537,0.000329992810235089,0.00414316761759221,0.00414316761759221,0.000000000000000300398510617248,1
"13602","NsiI.TP67554",11,9937,0.000188656507168308,0.00203783530904426,0.00203783530904426,0.00000326227409920091,1,0.02712444633741,0.208332579696287,0.208332579696287,0.000418964226661788,1
"13629","NsiI.TP72613",11,9972,0.0000202358481393343,0.000521192703937206,0.000521192703937206,0.000000000128428586411987,0.577418659879941,0.0072304087886366,0.102551521053427,0.102551521053427,0.0000000724176691630592,1
"13630","NsiI.TP72810",11,9974,0.00201178139242451,0.00155272325749214,0.00155272325749214,0.000000400999275790854,0.818620121413773,0.0986428897959453,0.17973783814105,0.17973783814105,0.0000716399102214868,1
"13658","NsiI.TP78135",11,10013,0.000331504111102433,0.01400187534185,0.01400187534185,0.00000000238313437952999,0.211404806965531,0.0382214708034013,0.453590374628979,0.453590374628979,0.000000868712661499781,1
"13820","NsiI.TP105057",11,10251,0.0000765425494378604,0.00215935863663287,0.00215935863663287,0.0000000846781477886592,0.801437166256149,0.0155183568770422,0.21503211137017,0.21503211137017,0.0000188633641814638,1
"13989","NsiI.TP124257",11,10493,0.0000000328610583250812,0.00000347055139014082,0.00000347055139014082,0.158640764737706,0.916914828253242,0.00013176554142617,0.00534522169068006,0.00534522169068006,0.660676594862155,1
"14003","NsiI.TP125878",11,10517,0.00318031497954581,0.0181879105558951,0.0181879105558951,0.0000000550441777855979,1,0.129372101022682,0.509323169514562,0.509323169514562,0.0000128989239475757,1
"14033","NsiI.TP129582",11,10560,0.0032301739510847,0.0106261697351208,0.0106261697351208,0.00000198659389329855,0.86071943529327,0.130415922359505,0.420018853670361,0.420018853670361,0.000274682760235088,1
"14136","NsiI.TP140643",11,10694,0.0043641128215176,0.00706756230388417,0.00706756230388417,0.00000000540537273096059,0.0366531831283797,0.152264172971442,0.35946908425967,0.35946908425967,0.00000163923605978912,1
"14156","NsiI.TP145816",11,10724,0.0000295280662082668,0.00222633727096907,0.00222633727096907,0.000000287606033130484,1,0.00880668473821432,0.216052701078396,0.216052701078396,0.0000537778576353,1
"14169","NsiI.TP147878",11,10746,0.00000742586359835279,0.0000295321286810428,0.0000295321286810428,0.00000000000000163873146179198,1,0.00412283946980547,0.0242217149963971,0.0242217149963971,0.00000000000369615881207181,1
"14337","NsiI.TP167553",11,10991,0.000458244215716636,0.0106061996495762,0.0106061996495762,0.00000254467245903773,0.470222298469969,0.0458133350801861,0.420018853670361,0.420018853670361,0.000345233607901329,1
"14718","NsiI.TP214927",11,11518,0.00132132396785217,0.00190883039752704,0.00190883039752704,0.000000565910715330122,0.654553117990015,0.0810951349521243,0.202605504076341,0.202605504076341,0.0000939022199393867,1
"14758","NsiI.TP218420",11,11573,0.00161212895790365,0.00155392943637795,0.00155392943637795,0.00000187018540710086,1,0.0892308433018818,0.17973783814105,0.17973783814105,0.000259581734505599,1
"14894","NsiI.TP234877",11,11766,0.000121304020050325,0.000181621054377785,0.000181621054377785,0.000000000000290686681504478,0.664114598139695,0.020266756831371,0.0534839443560021,0.0534839443560021,0.000000000299722884632389,1
"14925","NsiI.TP238098",11,11809,0.0222490669709225,0.100405605765247,0.100405605765247,0.000000204428880252915,1,0.355433523172488,0.879475121567047,0.879475121567047,0.0000402567578972274,1
"14988","NsiI.TP245149",11,11896,0.00313855949089814,0.014301644587982,0.014301644587982,0.00000042733252422255,0.655022519544266,0.128811574850375,0.457957187126082,0.457957187126082,0.0000748620200686572,1
"14999","NsiI.TP246761",11,11912,0.00182829617463145,0.0138778773251602,0.0138778773251602,0.0000026369933579854,1,0.0946621984936869,0.451679386903895,0.451679386903895,0.000351157993737923,1
"15030","NsiI.TP250679",11,11951,0.00154375085243209,0.00887496119251805,0.00887496119251805,0.000000280711058978558,1,0.0871844769367281,0.397067051529588,0.397067051529588,0.0000530382235414566,1
"15068","NsiI.TP257231",11,12008,0.000844636207445316,0.00134133937979253,0.00134133937979253,0.000000678739517568254,0.738290684198969,0.0623338066549827,0.167556167679281,0.167556167679281,0.000109349784419657,1
"15093","NsiI.TP260586",11,12047,0.00007944507293776,0.00163754812239946,0.00163754812239946,0.000000454400331799565,0.279433486417395,0.0157134219128226,0.184674489503599,0.184674489503599,0.0000783391816701017,1
"15106","NsiI.TP263947",11,12068,0.000105936402328352,0.000415816662318955,0.000415816662318955,0.0000000833182872684142,0.441339158208374,0.0181186392759506,0.0882705394692144,0.0882705394692144,0.0000186757164654816,1
"15140","NsiI.TP269244",11,12114,0.00737507888913613,0.00687157605544656,0.00687157605544656,0.00000379283691189666,1,0.204546920566911,0.35476600384686,0.35476600384686,0.000481957389001854,1
"15221","NsiI.TP279529",11,12227,0.0000237853298426086,0.0000248777636070881,0.0000248777636070881,0.0000000172236871834055,0.751683682773274,0.00780331803054599,0.021375922215538,0.021375922215538,0.00000447171527391898,1
"15265","NsiI.TP283655",11,12283,0.0000430458134013637,0.000130055461683195,0.000130055461683195,0.0000000108641105259762,0.990477509489646,0.0104257537854256,0.0451292452040687,0.0451292452040687,0.00000294784977940924,1
"15465","NsiI.TP312782",11,12557,0.00253507125506465,0.0295945555834509,0.0295945555834509,0.00000273463447274267,0.980516596140806,0.114229948930365,0.603456391260708,0.603456391260708,0.000358863595826682,1
"16151","NsiI.TP397080",11,13499,0.00000000658701110077376,0.000000110897403398595,0.000000110897403398595,0.0000000000000000672657975710746,0.729511947520823,0.0000378264933466434,0.000667010915641416,0.000667010915641416,0.000000000000242748810274494,1
"16171","NsiI.TP401109",11,13532,0.000000223317844007198,0.00000308470215254003,0.00000308470215254003,0.0000000000173278810108249,0.147308750225234,0.00033579559810549,0.00513950793438426,0.00513950793438426,0.0000000122613445082088,1
"16618","NsiI.TP433646",11,14119,0.0017149801521399,0.0440395561741093,0.0440395561741093,0.000000048053788426378,0.301450329437334,0.0917220243316173,0.689813540047374,0.689813540047374,0.0000116102153711254,1
"16624","NsiI.TP433871",11,14125,0.00171795965895272,0.0516087767651298,0.0516087767651298,0.000000000000395013553857493,0.842369042772493,0.0917220243316173,0.72624182709652,0.72624182709652,0.0000000003959791425447,1
"16650","NsiI.TP435468",11,14158,0.0000808024488004755,0.000145358988179634,0.000145358988179634,0.000000000681273419064775,0.856017346817315,0.0157621555260084,0.0478519510613592,0.0478519510613592,0.000000312223786500833,1
"16660","NsiI.TP436166",11,14170,0.00000854868128867727,0.0000330961535032324,0.0000330961535032324,0.000000000794061913250592,0.35035502607425,0.00440721157636836,0.0246663741414852,0.0246663741414852,0.000000337130662651616,1
"16710","NsiI.TP438238",11,14234,0.00362032757228758,0.0269605774248304,0.0269605774248304,0.00000136782123993993,0.11417757046671,0.138022987212498,0.588954793043147,0.588954793043147,0.000197892521623984,1
"16722","NsiI.TP439116",11,14252,0.0304281438814194,0.0053169620807005,0.0053169620807005,0.0000016664930414543,0.703566473372941,0.404900758256882,0.311997605802146,0.311997605802146,0.000233102328992259,1
"16795","NsiI.TP443420",11,14356,0.0000230861905721604,0.000062134316798824,0.000062134316798824,0.000000395153000086811,1,0.00770917652745304,0.0291580047793063,0.0291580047793063,0.0000713014073356642,1
"16803","NsiI.TP443949",11,14366,0.00000217045565923239,0.0000843569933794889,0.0000843569933794889,0.00000000067489769647757,0.0189243635371238,0.00195818509575946,0.0330899475769456,0.0330899475769456,0.000000312223786500833,0.867779455308416
"16875","NsiI.TP450780",11,14472,0.000000207056446877624,0.0000377952999047841,0.0000377952999047841,0.00000803287736723048,0.671890485696702,0.000329992810235089,0.0264309412863256,0.0264309412863256,0.000900280988908738,1
"16946","NsiI.TP457668",11,14572,0.000920051192299841,0.0201775098731748,0.0201775098731748,0.00000321613049796733,0.606589437364193,0.0660095575103711,0.524438966587031,0.524438966587031,0.000414513276466589,1
"17214","NsiI.TP484341",11,14956,0.044590789006007,0.039763516077664,0.039763516077664,0.31409097679354,0.00000000000390538766819381,0.484364345650741,0.671220831483389,0.671220831483389,0.792928658308868,0.000000140937630169778
"17225","NsiI.TP484793",11,14967,0.0000191309922420747,0.0000434595958401826,0.0000434595958401826,0.00000000118689689370533,0.825157524501328,0.00697372977810093,0.0278137130992969,0.0278137130992969,0.000000470689396703714,1
"17248","NsiI.TP486638",11,15003,0.00894876426409735,0.000771195241431836,0.000771195241431836,0.00000383699811006634,0.837266299060519,0.224410701510332,0.125931646483222,0.125931646483222,0.000485858202793242,1
"17279","NsiI.TP489203",11,15043,0.000877374180477029,0.00150182066429581,0.00150182066429581,0.000000551748195166664,0.83338781374727,0.0642245018763794,0.177697390600351,0.177697390600351,0.0000926115761263933,1
"17316","NsiI.TP492341",11,15094,0.000182087172315784,0.000527342862149145,0.000527342862149145,0.000000397461150754587,0.732122648587819,0.0266038942288745,0.102868914644532,0.102868914644532,0.0000713610846190624,1
"17402","NsiI.TP499462",11,15213,0.0000947389361530635,0.000131728777317746,0.000131728777317746,0.0000000682396664974285,0.58131611932109,0.0170946936394588,0.0452745534842173,0.0452745534842173,0.000015391456778495,1
"17589","NsiI.TP512091",11,15453,0.000362866013080123,0.000408453801695855,0.000408453801695855,0.00000000000601052920506732,0.765857903914883,0.039562261873219,0.0877397666404763,0.0877397666404763,0.00000000451891620734311,1
"17618","NsiI.TP516545",11,15502,0.000530059598849049,0.0106205785837935,0.0106205785837935,0.000000000234124475042354,1,0.0496851709175701,0.420018853670361,0.420018853670361,0.000000124251236107772,1
"17619","NsiI.TP516848",11,15505,0.000238697010273486,0.00228089977531454,0.00228089977531454,0.00000000000743466403079331,1,0.0318487187608358,0.217788205517779,0.217788205517779,0.00000000547555419476059,1
"17677","NsiI.TP522795",11,15582,0.00157535389367604,0.00624069766389073,0.00624069766389073,0.00000259501273674038,1,0.0877335977083039,0.337289547865398,0.337289547865398,0.000349435894192115,1
"17741","NsiI.TP528829",11,15669,0.00129297824070012,0.00161174459823188,0.00161174459823188,0.00000000162077847412003,0.553632776236706,0.08003601843977,0.184649647812673,0.184649647812673,0.000000596843403816772,1
"17812","NsiI.TP538514",11,15772,0.0000429496945431928,0.000069402474302209,0.000069402474302209,0.00000000000000412123920793219,0.798349562367518,0.0104257537854256,0.0301758613568448,0.0301758613568448,0.00000000000874866356093276,1
"18169","NsiI.TP575918",11,16274,0.000207054825869613,0.000688072846253019,0.000688072846253019,0.00000144724011705867,1,0.0287392098307023,0.117597269087157,0.117597269087157,0.000207253973588942,1
"18230","NsiI.TP582062",11,16365,0.0000962856182026681,0.000137782369344966,0.000137782369344966,0.000000000692088851204816,1,0.01720175935494,0.0464700013544031,0.0464700013544031,0.000000312223786500833,1
"18285","NsiI.TP589380",11,16451,0.000011004796662582,0.0000111547463981018,0.0000111547463981018,0.0000000000000000422094502307367,0.410516813137641,0.00506804344071837,0.0118397790592558,0.0118397790592558,0.000000000000169250515547425,1
"18653","NsiI.TP630333",11,16949,0.0000000396705568945703,0.00000175446351665437,0.00000175446351665437,0.425904081479129,0.7972955908345,0.00014052812495933,0.00420396913397615,0.00420396913397615,0.848121131603252,1
"18689","NsiI.TP633048",11,16999,0.0000309940825697691,0.0000565682298439436,0.0000565682298439436,0.00000000317677419396743,1,0.00894811561422262,0.0282013790689291,0.0282013790689291,0.00000108154176520657,1
"19025","NsiI.TP678475",11,17471,0.00550768619084315,0.0564252720448158,0.0564252720448158,0.000000755587021815656,1,0.172087774246881,0.747256960570023,0.747256960570023,0.000119594844049489,1
"19118","NsiI.TP687110",11,17592,0.00042059078636313,0.00025678469829651,0.00025678469829651,0.00000000866665633358482,1,0.0438684832440873,0.0630397700144521,0.0630397700144521,0.00000242451390516596,1
"19311","NsiI.TP708836",11,17857,0.000000000573278257630544,0.00000003870151763765,0.00000003870151763765,0.629798551164021,0.317261765825727,0.00000689615525379036,0.000465553456169171,0.000465553456169171,0.919878055854825,1
"19330","NsiI.TP710713",11,17884,0.0000006511061174267,0.0000741998816584527,0.0000741998816584527,0.000000376386713181969,0.339286568463563,0.000841298797774624,0.0311363410382586,0.0311363410382586,0.0000686012308349035,1
"19533","NsiI.TP738214",11,18173,0.00130994575063119,0.0248885589434427,0.0248885589434427,0.000000121164764556212,0.0706281500855162,0.0807630073192759,0.571360251368295,0.571360251368295,0.0000249862515617404,1
"19583","NsiI.TP743521",11,18240,0.00112680574142695,0.00559647464789989,0.00559647464789989,0.00000051225800582418,0.435650757784469,0.0738006635147292,0.319565786540208,0.319565786540208,0.0000863848921223505,1
"19626","NsiI.TP748803",11,18299,0.000240198850783879,0.000242024882716925,0.000242024882716925,0.000000000269460932461427,0.0906399739732766,0.0318487187608358,0.0618712018475784,0.0618712018475784,0.000000140931972908232,1
"19643","NsiI.TP751347",11,18321,0.00253394764221221,0.00895670651389133,0.00895670651389133,0.0000027041844524722,0.203915506160884,0.114229948930365,0.397576414112313,0.397576414112313,0.000357467430479182,1
"19867","NsiI.TP771870",11,18640,0.00000571002971363992,0.00000768096133587961,0.00000768096133587961,0.0000000000000000241462289327348,0.283317560892346,0.00351124059468326,0.00923968442297411,0.00923968442297411,0.000000000000108923638715567,1
"19896","NsiI.TP776203",11,18680,0.00120255464208444,0.00413004116946349,0.00413004116946349,0.00000000635956045162918,1,0.0762702845756472,0.285051062136122,0.285051062136122,0.00000191156522282073,1
"19932","NsiI.TP780472",11,18739,0.0000120827776024697,0.0000122889878288427,0.0000122889878288427,0.0000000000000000851605448549625,0.28761986161969,0.00535488067773787,0.0126709997933507,0.0126709997933507,0.000000000000256106145227157,1
"19988","NsiI.TP789454",11,18824,0.0445741203748256,0.143102054821762,0.143102054821762,0.0000026868323762752,0.130146123589131,0.484364345650741,0.964365700934053,0.964365700934053,0.000356479436746395,1
"20108","NsiI.TP807292",11,18997,0.000964910278517402,0.00122626056808562,0.00122626056808562,0.00000312190027029334,0.0914832571681006,0.0672233245774826,0.158613947602415,0.158613947602415,0.000403810526718086,1
"20325","NsiI.TP828345",11,19295,0.00476287918562457,0.0108570989960483,0.0108570989960483,0.00000279340939277379,0.890628391187849,0.159742364359498,0.421755638933683,0.421755638933683,0.000363929812875164,1
"20456","PstI.TP571203",2,749077,0.00000147550448699499,0.000344695022190265,0.000344695022190265,0.0000000000018081953857534,0.21838574516537,0.00147911127574098,0.0797394484666813,0.0797394484666813,0.00000000147811661714214,1
"20591","PstI.TP458571",2,3669039,0.000614173280262896,0.000246008811292996,0.000246008811292996,0.00000000123507617045626,1,0.0539277015526214,0.0618712018475784,0.0618712018475784,0.000000474164136589633,1
"20687","PstI.TP71456",2,5649876,0.00312887844034382,0.0290900705236418,0.0290900705236418,0.000000219008643002753,0.0772200778353494,0.128811574850375,0.60042596335643,0.60042596335643,0.0000424923866058245,1
"20801","PstI.TP238302",2,9013203,0.0000211230089978703,0.000364676165257402,0.000364676165257402,0.00000000825773409082467,1,0.00732968412226099,0.0824623292236563,0.0824623292236563,0.00000232816490523188,1
"21285","NsiI.TP750600",2,56869336,0.00000349401825622133,0.0000570466823329589,0.0000570466823329589,0.0000000000883247163233924,0.64194724994493,0.0026269193923024,0.0282013790689291,0.0282013790689291,0.0000000523391146461974,1
"21421","GFSSContig11918_395",2,58999886,0.000233108994843401,0.0284625234885013,0.0284625234885013,0.0000000482836293512971,0.727648287817491,0.031389691813092,0.59645359504226,0.59645359504226,0.0000116102153711254,1
"21497","PstI.TP663190",2,59985727,0.00115103522868883,0.000702546076918504,0.000702546076918504,0.0000000394676047664792,0.170846547968688,0.074857077991868,0.117818490761849,0.117818490761849,0.00000975552685488152,1
"21518","NsiI.TP662535",2,60332010,0.00396433666974042,0.0125417321199246,0.0125417321199246,0.000000883083872335895,0.460056709513678,0.144656199936898,0.438256343632098,0.438256343632098,0.000137365218900249,1
"21532","PstI.TP1129605",2,60533982,0.00000574050086140303,0.0000641450616799054,0.0000641450616799054,0.000000859502515779783,1,0.00351124059468326,0.0291580047793063,0.0291580047793063,0.000134275873547449,1
"21555","NsiI.TP771955",2,60922097,0.000536851293500205,0.00634945757930277,0.00634945757930277,0.00000000139507809882488,0.997353542580225,0.0501130471136839,0.338963350772009,0.338963350772009,0.00000052443310864992,1
"21575","PstI.TP155500",2,61159658,0.0640539887802474,0.0985950884293881,0.0985950884293881,0.00000114791049374714,0.586570838292797,0.562997970884479,0.876878271289577,0.876878271289577,0.000171891260988991,1
"21670","NsiI.TP252714",2,62096963,0.000734148963283992,0.00356443599521066,0.00356443599521066,0.000000000211105090264753,0.813369750889507,0.0587449396607377,0.267866061797742,0.267866061797742,0.000000113706873096633,1
"21754","NsiI.TP747050",2,62826526,0.00279530611697731,0.00306155905306638,0.00306155905306638,0.000000480833074625771,0.693582117563391,0.12066627649459,0.252317777256255,0.252317777256255,0.0000818504905523341,1
"21791","NsiI.TP506374",2,63219829,0.000781610106235372,0.00170398706292279,0.00170398706292279,0.00000000120867219166281,0.979830852180909,0.0600944321485128,0.190973556294278,0.190973556294278,0.000000474114804920951,1
"21815","NsiI.TP364999",2,63498766,0.000270728096273734,0.00134182366601951,0.00134182366601951,0.000000000854229753060035,0.461686486667209,0.0337386468427893,0.167556167679281,0.167556167679281,0.00000035433842906242,1
"21866","PstI.TP1265761",2,63924188,0.000807851031307544,0.00199704278939716,0.00199704278939716,0.00000273151357611715,0.822816756966334,0.0608637328138343,0.206849638082224,0.206849638082224,0.000358863595826682,1
"21943","PstI.TP258152",2,64939805,0.000612197213604429,0.00181257340672144,0.00181257340672144,0.0000000190714756851192,0.896838746089851,0.0539277015526214,0.196432880185475,0.196432880185475,0.0000048812157058481,1
"22023","PstI.TP138117",2,65682250,0.0125647322360686,0.0100153385285749,0.0100153385285749,0.0000000124696173538321,1,0.269214187865167,0.409498811629516,0.409498811629516,0.00000330884964018451,1
"22186","PstI.TP1231564",2,67297003,0.00077070947868224,0.000846456142285516,0.000846456142285516,0.0000000000825343473907617,0.917715807564838,0.0598157462481688,0.132237702436362,0.132237702436362,0.0000000521883697599822,1
"22347","PstI.TP200848",2,69223364,0.0000000428344428772067,0.00000219408463565231,0.00000219408463565231,0.0000000000259398798933303,1,0.00014052812495933,0.00420396913397615,0.00420396913397615,0.0000000173355256590834,1
"22361","NsiI.TP297190",2,69347483,0.0000000921878596479093,0.00000371105556474523,0.00000371105556474523,0.0000000000000358026452310564,0.88465849257926,0.000231801790289048,0.00534522169068006,0.00534522169068006,0.0000000000587293573226529,1
"22443","PstI.TP788858",2,70424868,0.0165397203122021,0.0715852860169013,0.0715852860169013,0.000000650847094502961,0.645297626846413,0.310070351494415,0.799049547331925,0.799049547331925,0.000105326322629699,1
"22541","PstI.TP893748",2,71384719,0.000522392072563742,0.000365605538566421,0.000365605538566421,0.0000000665940287850858,1,0.0496851709175701,0.0824623292236563,0.0824623292236563,0.0000152104133594695,1
"22849","NsiI.TP188428",2,74244645,0.000479110669353412,0.0076423655093313,0.0076423655093313,0.000000000997882252124918,0.394223888209799,0.0468567637821841,0.372699576352362,0.372699576352362,0.00000040462443499645,1
"22891","PstI.TP476220",2,74636899,0.0567730357618838,0.000802817770016786,0.000802817770016786,0.00000000123504795783826,1,0.536899692052074,0.128764834152737,0.128764834152737,0.000000474164136589633,1
"22925","NsiI.TP424626",2,75047684,0.000829246578374663,0.00712287646218161,0.00712287646218161,0.000000000170154567353498,0.355413853581815,0.0615916423145929,0.359564464877862,0.359564464877862,0.0000000944698157946621,1
"22959","GFSSContig14716_1047",2,75444144,0.0000000993258983661376,0.00000174416273238642,0.00000174416273238642,0.000000000000000562044967202535,0.077791878133422,0.000231801790289048,0.00420396913397615,0.00420396913397615,0.00000000000144879134117179,1
"23058","PstI.TP378617",2,76813654,0.000420596741367053,0.00119661339040137,0.00119661339040137,0.0000000000899197824225294,0.749698093003436,0.0438684832440873,0.156461536350741,0.156461536350741,0.0000000523391146461974,1
"23269","PstI.TP1289056",3,2011598,0.000224819244704026,0.000744278257830146,0.000744278257830146,0.0000000000899186159047478,0.791512238410119,0.0305010409882665,0.122088698948065,0.122088698948065,0.0000000523391146461974,1
"23313","NsiI.TP286990",3,2450030,0.00695837294817165,0.031494821745983,0.031494821745983,0.00000027871419649128,0.0393508280672353,0.198632962393814,0.619458660709789,0.619458660709789,0.0000529380943314595,1
"23332","PstI.TP1264009",3,2578481,0.329182540149951,0.00580728916197331,0.00580728916197331,0.00000330296873740861,0.801058787475225,0.939611505982067,0.326438397628182,0.326438397628182,0.000421192705991526,1
"23333","PstI.TP1264005",3,2578488,0.00000101195806021948,0.0000501530384662993,0.0000501530384662993,0.000000000000124186113992103,0.285446453002954,0.00114123570241252,0.0278137130992969,0.0278137130992969,0.00000000015453891316369,1
"23489","PstI.TP831238",3,4140006,0.000659993150589464,0.00240861362665461,0.00240861362665461,0.0000000048942601252452,0.824337440093325,0.055981161308105,0.224025898347195,0.224025898347195,0.00000151453943884507,1
"23937","NsiI.TP591571",3,10614751,0.00173911920255452,0.00283710577434119,0.00283710577434119,0.000000315481359818158,0.745686907310857,0.0920254161023277,0.244228810187792,0.244228810187792,0.0000583850836570138,1
"23985","PstI.TP1143613",3,11471096,0.00819747762450107,0.005285417722812,0.005285417722812,0.00000000149289103716089,0.441686358953145,0.215481555724923,0.311158490670211,0.311158490670211,0.000000555417028340847,1
"24038","PstI.TP154031",3,12467058,0.00082232985391084,0.00713822533755841,0.00713822533755841,0.000000093916131682146,0.683025375502503,0.0613145449750711,0.359564464877862,0.359564464877862,0.0000204171407237668,1
"24066","NsiI.TP779342",3,13084298,0.00425058976605842,0.0557269102637385,0.0557269102637385,0.00000000410815347670372,1,0.150240238469654,0.744518814780293,0.744518814780293,0.00000134777311515713,1
"24240","PstI.TP765965",3,20259611,0.024096185396113,0.0170940238791301,0.0170940238791301,0.000000585223424091106,0.278741605682031,0.367670730330797,0.496995314465722,0.496995314465722,0.0000959979224027265,1
"24558","PstI.TP790301",3,55460621,0.00000993109364167994,0.000184254448330273,0.000184254448330273,0.00000000432858203945447,1,0.00484315280190467,0.0534839443560021,0.0534839443560021,0.00000139473096999851,1
"25053","PstI.TP47278",3,61828317,0.630360835537083,0.539664264363909,0.539664264363909,0.000000412947950471301,0.939712443620659,0.963280305441624,0.99990690322193,0.99990690322193,0.0000730513021402368,1
"25574","NsiI.TP407822",3,66802785,0.000173054357648837,0.00390249315875791,0.00390249315875791,0.00000000276958471691623,0.376724800095979,0.0255950231919313,0.277777461761845,0.277777461761845,0.000000973163446019289,1
"25771","PstI.TP600362",3,68229964,0.00461119204590031,0.0454493317191745,0.0454493317191745,0.00000137090252732199,0.43557353139707,0.156841374695995,0.698244139242899,0.698244139242899,0.000197892521623984,1
"25814","PstI.TP770506",3,68857417,0.0000892295668337209,0.000196135825268891,0.000196135825268891,0.00000000000184314031731868,1,0.0165985392159553,0.0548018676717288,0.0548018676717288,0.00000000147811661714214,1
"26173","NsiI.TP630701",3,72384480,0.000148244805766927,0.00207030743869222,0.00207030743869222,0.0000000000000927957537869145,0.643704602100973,0.0229151130335103,0.209868693391924,0.209868693391924,0.000000000124030117135636,1
"26184","PstI.TP5232",3,72451142,0.00000338064295465855,0.000182563669148318,0.000182563669148318,0.00000000000110038113927236,0.847292740162171,0.00259575836058974,0.0534839443560021,0.0534839443560021,0.000000000968550111074657,1
"26382","PstI.TP704363",4,180971,0.0000397978962616074,0.000906338916164628,0.000906338916164628,0.0000000000000000154464951279272,0.183663325312662,0.0104109871296683,0.135663159222144,0.135663159222144,0.0000000000000796333023109481,1
"26457","NsiI.TP800527",4,1112622,0.00349385168357812,0.0162849829362047,0.0162849829362047,0.00000000000241079595113654,0.333615756511736,0.135462120145012,0.489335940217948,0.489335940217948,0.00000000189132183227425,1
"26502","NsiI.TP636470",4,1801601,0.0000209964298927987,0.0000350436167027509,0.0000350436167027509,0.000000006595107732855,0.672009389738217,0.00732968412226099,0.0252930807913775,0.0252930807913775,0.00000195085449068255,1
"26717","PstI.TP913145",4,4637956,0.00149786351127518,0.003206130291951,0.003206130291951,0.000000258199664323767,0.472095141275547,0.0858602225810749,0.258265245481981,0.258265245481981,0.0000493011083921487,1
"26807","PstI.TP818107",4,5840211,0.0000156380789758956,0.0000310923657509982,0.0000310923657509982,0.0000000000587711542624724,1,0.00620161531958374,0.0246663741414852,0.0246663741414852,0.000000038562425727711,1
"27056","NsiI.TP453309",4,10367633,0.000078778979545018,0.000221426060659716,0.000221426060659716,0.00000000498023389364904,0.109367297865381,0.0157070486951415,0.0591912864969469,0.0591912864969469,0.000001523107464017,1
"27082","PstI.TP105120",4,11122087,0.000000210314637425378,0.00000227977162612422,0.00000227977162612422,0.00000000000000000217176824374242,1,0.000329992810235089,0.00420396913397615,0.00420396913397615,0.0000000000000156749544760353,1
"27423","PstI.TP1047556",4,52082699,0.000064414942821462,0.00000378666815500242,0.00000378666815500242,0.000000000000417570059246489,1,0.0139306190264291,0.00534522169068006,0.00534522169068006,0.000000000407277521569927,1
"27480","PstI.TP1094441",4,53080201,0.0016899423004001,0.022408124902815,0.022408124902815,0.000000565417025850285,0.176993156777019,0.0917220243316173,0.548991453830813,0.548991453830813,0.0000939022199393867,1
"27645","PstI.TP602657",4,55651202,0.000890136376836276,0.00459315652338741,0.00459315652338741,0.0000000000853223735269051,0.393236048228553,0.0647645999340071,0.293748738896071,0.293748738896071,0.0000000521883697599822,1
"27699","NsiI.TP379289",4,56401529,0.00000455508291217047,0.0000560471316990796,0.0000560471316990796,0.000000000553077827959477,0.707507818421535,0.00316122754104631,0.0282013790689291,0.0282013790689291,0.000000269722603451373,1
"27718","NsiI.TP620299",4,56693404,0.00154182851796817,0.00136452073033232,0.00136452073033232,0.000000595769175170795,1,0.0871844769367281,0.169219326859906,0.169219326859906,0.000097285601780831,1
"27916","PstI.TP969702",4,58874917,0.000000199975931579472,0.00000204353068297565,0.00000204353068297565,0.0000738028810411777,0.693389087354603,0.000329992810235089,0.00420396913397615,0.00420396913397615,0.00533747168539884,1
"28023","PstI.TP277085",4,59747654,0.0000150156517494815,0.000208853328720928,0.000208853328720928,0.00000151563183597883,0.361677284529964,0.00608859371163245,0.0570992342945519,0.0570992342945519,0.000215339061798441,1
"28034","PstI.TP1227428",4,59859537,0.00696272160907156,0.00481941025138518,0.00481941025138518,0.0000000171797925524639,0.010758758042422,0.198632962393814,0.299350907318397,0.299350907318397,0.00000447171527391898,0.682545447726847
"28196","NsiI.TP145668",4,61422783,0.000135199300094016,0.000297234759215206,0.000297234759215206,0.000000407742374821574,0.923012987608064,0.0215123094714962,0.0712267422301148,0.0712267422301148,0.000072485747894389,1
"28346","PstI.TP140632",4,62818821,0.0000090247161732051,0.0107798286549067,0.0107798286549067,0.00000000406180428364134,0.607691036556468,0.00446142407203597,0.420777468028871,0.420777468028871,0.00000134479259622063,1
"28358","PstI.TP1079197",4,62919447,0.000134082864450304,0.000384706106582171,0.000384706106582171,0.00000000431218766902851,0.822544454723716,0.0215056996101448,0.0862315153685552,0.0862315153685552,0.00000139473096999851,1
"28435","PstI.TP1091010",4,63784704,0.000000195928501974699,0.0000334249731440541,0.0000334249731440541,0.0000000000000795190975066958,0.0593085597425475,0.000329992810235089,0.0246663741414852,0.0246663741414852,0.000000000110372507339294,1
"28451","PstI.TP624185",4,63940317,0.00204486759474856,0.0370152325728771,0.0370152325728771,0.0000000614528828582382,0.703394937124969,0.0998141466643302,0.660962747694205,0.660962747694205,0.0000143078170102458,1
"28629","PstI.TP1293053",4,65354699,0.0248534754842883,0.0747190808097589,0.0747190808097589,0.00000000640931589340802,0.586912381280017,0.371083335881196,0.809363742165478,0.809363742165478,0.00000191156522282073,1
"28641","NsiI.TP241821",4,65458789,0.000400186238986269,0.00110214149703171,0.00110214149703171,0.0000000000954056917332994,0.710317211176618,0.0428875003960283,0.147859042174276,0.147859042174276,0.0000000546508032265287,1
"28949","PstI.TP551013",4,68380690,0.00191751709302274,0.00104870604730148,0.00104870604730148,0.000000960010996288736,0.969274976571295,0.0963779343356611,0.14500273855464,0.14500273855464,0.000146800325568084,1
"29105","PstI.TP39347",5,2639610,0.0000464575869558967,0.0000741604357699737,0.0000741604357699737,0.00000001185247114808,0.950958332746307,0.0107650230702487,0.0311363410382586,0.0311363410382586,0.00000316838502808823,1
"29144","NsiI.TP339003",5,3276964,0.000000442787554873143,0.000118015578351535,0.000118015578351535,0.0000000000000683099906518639,0.227403758115264,0.000614589126163922,0.0417543744269627,0.0417543744269627,0.0000000000986068377057786,1
"29215","PstI.TP269348",5,5556404,0.0698147252175108,0.212403039429479,0.212403039429479,0.000000471571196621497,0.463734243945431,0.582955894147001,0.99990690322193,0.99990690322193,0.000080654319164344,1
"29292","NsiI.TP237",5,9520936,0.00718498034139216,0.00927520652287387,0.00927520652287387,0.000000000684795932731346,0.436023812647454,0.202571539500125,0.404255619562165,0.404255619562165,0.000000312223786500833,1
"29777","PstI.TP938208",5,66503760,0.0110654595438029,0.0243580421346165,0.0243580421346165,0.000000105479196158099,1,0.251151134601735,0.563893646647829,0.563893646647829,0.0000225887556131797,1
"29822","PstI.TP161171",5,67800245,0.0351318582452253,0.00475160374818888,0.00475160374818888,0.00000275981841690548,1,0.430508391072676,0.296720125126099,0.296720125126099,0.000360856257352482,1
"29853","PstI.TP372461",5,69064710,0.0114156122721651,0.0175209900911564,0.0175209900911564,0.0000000112334029756215,0.209389784017228,0.255615946029175,0.502255532657959,0.502255532657959,0.00000302530631779275,1
"29939","NsiI.TP436044",5,71762287,0.0288971751991215,0.107605744252059,0.107605744252059,0.000000000742019922005139,0.959575138481568,0.397121576003769,0.899205597102604,0.899205597102604,0.000000325776488660511,1
"30113","PstI.TP924198",6,7200427,0.0000976477533929735,0.000166544297376401,0.000166544297376401,0.000000000740551323267766,1,0.0173591730268258,0.0517664194529905,0.0517664194529905,0.000000325776488660511,1
"30177","PstI.TP1091883",6,31723113,0.0000959989779042696,0.00188651305533547,0.00188651305533547,0.00000000448909841812122,1,0.01720175935494,0.201421547754279,0.201421547754279,0.00000142107529572946,1
"30307","PstI.TP888989",6,42084993,0.000299467884107956,0.00387859366357618,0.00387859366357618,0.0000000103276489267852,0.818696066490612,0.0355499901371313,0.277269588338145,0.277269588338145,0.0000028235166247714,1
"30372","PstI.TP310691",6,43996986,0.00224801094306153,0.0193378751183799,0.0193378751183799,0.000000415092549644389,1,0.106151733147197,0.515778041066237,0.515778041066237,0.0000730724874710571,1
"30418","NsiI.TP511232",6,45079965,0.000573724477671421,0.00461963623940977,0.00461963623940977,0.000000160535873995825,0.486567000272366,0.0522111531116293,0.293748738896071,0.293748738896071,0.0000318319704437436,1
"30511","PstI.TP783398",6,46199419,0.000820076140557744,0.00112103215236147,0.00112103215236147,0.000000323337276320725,0.124572848384119,0.0612731009533082,0.149283425514468,0.149283425514468,0.0000595336511625629,1
"30666","NsiI.TP40837",6,48435571,0.00264726461130281,0.0085928486048752,0.0085928486048752,0.000000000406249621743293,1,0.116933274532063,0.39302752909092,0.39302752909092,0.000000203621338187111,1
"30668","PstI.TP824467",6,48440964,0.013299245999151,0.00332131733557231,0.00332131733557231,0.000000697941662723231,0.0442815661404408,0.276852275802736,0.260564565230725,0.260564565230725,0.000111448312939628,1
"30890","PstI.TP404885",6,51199851,0.0023952035488931,0.00339587655616924,0.00339587655616924,0.0000000459152409251116,1,0.110926520080722,0.26284243214522,0.26284243214522,0.0000111958730709826,1
"30926","NsiI.TP747778",6,51534879,0.0518468013834103,0.0606665284704966,0.0606665284704966,0.0000000100227504109583,0.342591889283219,0.516132017876412,0.766704050716638,0.766704050716638,0.00000276107646435621,1
"31077","PstI.TP88922",6,53024337,0.0000799136716928478,0.000152787815381442,0.000152787815381442,0.00000000304094553497961,1,0.0157134219128226,0.0487947493936768,0.0487947493936768,0.00000104515849967947,1
"31281","NsiI.TP95031",6,54950661,0.000000122540181969902,0.0000023298432354113,0.0000023298432354113,0.615953994279123,1,0.000260131181584107,0.00420396913397615,0.00420396913397615,0.915023412342698,1
"31384","NsiI.TP401025",6,55865568,0.0000231312404394106,0.0000921723419056856,0.0000921723419056856,0.0000000000000150567867513778,0.281400603130519,0.00770917652745304,0.0350977781386978,0.0350977781386978,0.0000000000271684660141861,1
"31519","NsiI.TP280522",6,56981689,0.0135182227427665,0.0348664583887137,0.0348664583887137,0.00000014164326161452,0.316413231895722,0.279468750408743,0.645261923247128,0.645261923247128,0.0000288792204810441,1
"31821","NsiI.TP401041",6,59883335,0.000855494163136498,0.000793471885507149,0.000793471885507149,0.000000205255028072762,0.869749394563183,0.0628779498152137,0.128407234996332,0.128407234996332,0.0000402567578972274,1
"32000","NsiI.TP383667",7,419094,0.000274657237018275,0.00041263934799669,0.00041263934799669,0.00000000000104365201562451,0.908113478016508,0.0338287725922031,0.088114371541447,0.088114371541447,0.000000000941582848496433,1
"32009","NsiI.TP525038",7,581686,0.0000650135840374963,0.000182298860812355,0.000182298860812355,0.00000000731950371149759,0.872444992876108,0.0139306190264291,0.0534839443560021,0.0534839443560021,0.0000021131699995242,1
"32057","PstI.TP77165",7,1443983,0.0114902579816022,0.00464797376604428,0.00464797376604428,0.00000000798119766594504,0.6578608464652,0.256819878258033,0.29395188985704,0.29395188985704,0.00000226791701865059,1
"32108","NsiI.TP28773",7,2117187,0.00723480545206062,0.0824126644989476,0.0824126644989476,0.000000151705540042665,0.0403421337427929,0.203182614127598,0.83215115736934,0.83215115736934,0.0000305851928997748,1
"32190","NsiI.TP572132",7,3872965,0.0000348266801785521,0.000177933603336332,0.000177933603336332,0.00000114073103409856,0.9779315906635,0.00981894714284053,0.0534839443560021,0.0534839443560021,0.00017152792316062,1
"32276","NsiI.TP352047",7,5611318,0.0000012395609992721,0.0000236072617825736,0.0000236072617825736,0.0000000000000989952351808982,0.00303180021506826,0.00127809363833519,0.0208984290407237,0.0208984290407237,0.000000000127590715971723,0.416160220623324
"32302","PstI.TP158709",7,6454688,0.000660828383874217,0.00954405552905808,0.00954405552905808,0.000000111026733947013,0.34640262985414,0.055981161308105,0.405383365035971,0.405383365035971,0.0000231603050559526,1
"32336","PstI.TP217370",7,7697522,0.00095272395959998,0.0496572382944622,0.0496572382944622,0.000000066287281642529,0.631573268516375,0.0667742120967059,0.721242914294806,0.721242914294806,0.0000152104133594695,1
"32764","PstI.TP224040",7,56820318,0.000689800808498321,0.0230260888692012,0.0230260888692012,0.000000724460487682103,1,0.057010802175871,0.553416302715088,0.553416302715088,0.00011517326026199,1
"32805","NsiI.TP216625",7,57473921,0.0000866631247522327,0.00222710055423308,0.00222710055423308,0.0000000000849530275855517,1,0.0164605202424135,0.216052701078396,0.216052701078396,0.0000000521883697599822,1
"32923","NsiI.TP193811",7,59357559,0.00000106056655155951,0.000051361833069284,0.000051361833069284,0.00000000000171664032455495,1,0.0011598098700812,0.0278137130992969,0.0278137130992969,0.00000000144070037284975,1
"33033","PstI.TP176210",7,60820249,0.0043080935234556,0.0615963835991921,0.0615963835991921,0.000000893483588170513,0.365182289595874,0.15093658267941,0.767915693383377,0.767915693383377,0.00013838641944162,1
"33135","PstI.TP862004",7,62011344,0.00144486313825292,0.0294432880883306,0.0294432880883306,0.000000000000128568684773969,1,0.0856194103994604,0.603275501646306,0.603275501646306,0.000000000154659556537433,1
"33137","NsiI.TP676974",7,62034862,0.000578859253341637,0.0116526450786015,0.0116526450786015,0.000000000749264258446641,0.381265872686068,0.052355570763391,0.43046918645147,0.43046918645147,0.000000325776488660511,1
"33170","PstI.TP175766",7,62320486,0.000000102771797955685,0.0000023213668530682,0.0000023213668530682,0.000000000000263501213167949,0.514921031079105,0.000231801790289048,0.00420396913397615,0.00420396913397615,0.000000000288158538812271,1
"33271","PstI.TP767870",7,63639615,0.00000000500872732061314,0.000000299562353333718,0.000000299562353333718,0.80885754605552,0.422552908215496,0.0000361509903092574,0.00154437231530103,0.00154437231530103,0.968129831505967,1
"33581","PstI.TP473463",8,2614593,0.00176098656515219,0.00368438457472058,0.00368438457472058,0.00000104107237934976,1,0.0926391882845659,0.271320903436632,0.271320903436632,0.000157858067336026,1
"33661","PstI.TP858495",8,3962414,0.000796149534129141,0.00106155904866211,0.00106155904866211,0.000000000018350250726065,0.628691953263152,0.0604872513424262,0.14500273855464,0.14500273855464,0.0000000127350740038891,1
"33750","PstI.TP1247319",8,5651637,0.0164906311946578,0.121709540520992,0.121709540520992,0.0000000455426875847185,0.112982562336867,0.30963262151551,0.930110629421656,0.930110629421656,0.0000111805748949478,1
"34033","NsiI.TP423749",8,52745949,0.00000410874002690947,0.0000487346040896569,0.0000487346040896569,0.0000000000000126199963935036,0.803551458199267,0.00290737666845312,0.0278137130992969,0.0278137130992969,0.0000000000239700226236188,1
"34048","PstI.TP427055",8,53245772,0.000325719150978657,0.00516095696915101,0.00516095696915101,0.000000576262838639639,1,0.0380368156546102,0.309383081565983,0.309383081565983,0.0000949596955288917,1
"34121","PstI.TP902321",8,56813101,0.00137049104964018,0.000173363308042971,0.000173363308042971,0.00000224378203978476,0.880274206679879,0.0831762947822531,0.0530197886496164,0.0530197886496164,0.00030788443441731,1
"34646","NsiI.TP217319",9,2951300,0.000787648703343121,0.00128876509904873,0.00128876509904873,0.000000430164710353271,0.990677338943124,0.0600944321485128,0.163189315419195,0.163189315419195,0.0000749941259286418,1
"34793","PstI.TP190790",9,6340215,0.00546678165157843,0.0185553472588133,0.0185553472588133,0.000000287399476189912,0.715431043377027,0.171321416219698,0.511085436258975,0.511085436258975,0.0000537778576353,1
"34828","NsiI.TP423888",9,7279333,0.000000186814812995648,0.00000121854055417224,0.00000121854055417224,0.000000000000179856329904376,0.789491018460534,0.000329992810235089,0.00420396913397615,0.00420396913397615,0.00000000020283297604966,1
"35308","PstI.TP321854",9,50726896,0.00260612294663915,0.0145631073077862,0.0145631073077862,0.0000000680117755369156,1,0.116254344744516,0.461011768880165,0.461011768880165,0.000015391456778495,1
"35401","NsiI.TP521872",9,52023089,0.0000403306816781323,0.000090694921860352,0.000090694921860352,0.00000000376579461160482,0.513409904831339,0.0104109871296683,0.0350977781386978,0.0350977781386978,0.00000125833329577403,1
"35411","PstI.TP891554",9,52132580,0.00060381992969452,0.00351221336439725,0.00351221336439725,0.00000000900994490866967,0.375527247819916,0.053539689490948,0.265164761285289,0.265164761285289,0.0000025011607066467,1
"35451","GFSSContig19578_877",9,52518574,0.000749142751138392,0.0113802403136459,0.0113802403136459,0.000000000198992627915605,0.87883252745634,0.0594177222045765,0.4296804066401,0.4296804066401,0.000000108806756912399,1
"35686","PstI.TP210243",9,55242138,0.0000244258230024165,0.0000526277027133174,0.0000526277027133174,0.00000000128529540179066,0.395613734800273,0.00794125315775862,0.0278137130992969,0.0278137130992969,0.000000488249899577067,1
"35732","GFk40ctg123299_208",9,55923478,0.000989864285517137,0.000645831815192406,0.000645831815192406,0.000000107334655180321,0.116462217952314,0.0681824101910973,0.112800457513395,0.112800457513395,0.0000226032154527015,1
"35822","NsiI.TP158222",9,56790425,0.0585397097444566,0.0318886963283091,0.0318886963283091,0.00000173037503160031,1,0.542681624241458,0.623334028999962,0.623334028999962,0.000241103375059429,1
"35833","NsiI.TP529142",9,56879095,0.0307444794560474,0.18958207906477,0.18958207906477,0.00000000035819343313435,0.937053279419206,0.406710694505073,0.99990690322193,0.99990690322193,0.000000182063163590879,1
"35987","PstI.TP541399",9,58259418,0.0000255089772018842,0.000614363812042379,0.000614363812042379,0.00000146969241558023,0.199595081674191,0.00812630866752642,0.111320851268982,0.111320851268982,0.000209637390883238,1
"36047","PstI.TP63042",9,59079217,0.0000360779576420932,0.000391357641386438,0.000391357641386438,0.0000000000784442079403236,1,0.00993878881975465,0.0866461016095324,0.0866461016095324,0.0000000505516888598285,1
"36063","NsiI.TP95062",9,59225886,0.0256472433273188,0.145020607957704,0.145020607957704,0.000000152657524736239,0.335627032943684,0.377624527619862,0.964758414160542,0.964758414160542,0.0000306061375148966,1
