"","ID","Trait.name","Method","SNP","Chromosome","Position","P.value"
"1",1,"fprinW","mrMLM","NsiI.TP30868",1,51136397,0.000000151824898690745
"2",2,"fprinW","mrMLM","PstI.TP622176",3,65129470,0.000000039201979750019
"3",3,"fprinW","mrMLM","PstI.TP935651",4,66370793,0.00000465575373130398
"4",4,"fprinW","mrMLM","NsiI.TP821811",4,48427329,0.0000000000125629606653932
"5",5,"fprinW","mrMLM","NsiI.TP825923",6,52448208,0.000000396067311142324
"6",6,"fprinW","mrMLM","NsiI.TP607068",8,1666575,0.000000430158986275553
"7",7,"fprinW","mrMLM","PstI.TP125419",10,50424324,0.0000706003737237727
"8",8,"fprinW","FASTmrMLM","PstI.TP661215",3,54129611,0.000000810587682464738
"9",9,"fprinW","FASTmrMLM","NsiI.TP324593",4,54954569,0.0000406069153365635
"10",10,"fprinW","FASTmrMLM","PstI.TP133136",5,65324990,0.0000157906497272843
"11",11,"fprinW","FASTmrMLM","NsiI.TP825923",6,52448208,0.000035367144758576
"12",12,"fprinW","FASTmrMLM","NsiI.TP383484",9,6111601,0.00000652078678513579
"13",13,"fprinW","FASTmrMLM","PstI.TP108730",11,899,0.0000252289978645072
"14",14,"fprinW","FASTmrMLM","PstI.TP187918",11,1532,0.00000829086798586446
"15",15,"fprinW","FASTmrMLM","PstI.TP874146",11,6098,0.000113762728582343
"16",16,"fprinW","pLARmEB","PstI.TP332845",3,68039381,0.000161212977799824
"17",17,"fprinW","pLARmEB","NsiI.TP150749",3,69413427,0.00000961390884463815
"18",18,"fprinW","pLARmEB","PstI.TP1052140",6,19137861,0.00000243893373027891
"19",19,"fprinW","pLARmEB","NsiI.TP211131",6,32284894,0.00000000890430443593742
"20",20,"fprinW","pLARmEB","NsiI.TP493682",7,59972191,0.0000765420342071842
"21",21,"fprinW","pLARmEB","NsiI.TP383484",9,6111601,0.000000372992414752473
"22",22,"fprinW","pLARmEB","PstI.TP125419",10,50424324,0.000107102596596607
"23",23,"fprinW","pLARmEB","PstI.TP187918",11,1532,0.000000102706989602628
"24",24,"fprinW","pLARmEB","PstI.TP874146",11,6098,0.00000022913952052729
"25",25,"fprinW","pLARmEB","NsiI.TP705689",11,17810,0.00000800018444855099
"26",26,"fprinW","pLARmEB","NsiI.TP767179",11,18585,0.00000286549727636424
"27",27,"fprinW","ISIS EM-BLASSO","PstI.TP1020545",11,7078,0.0000229403479066974
"28",28,"fprinW","ISIS EM-BLASSO","PstI.TP1159423",11,8140,0.0000002209530495573
"29",29,"fprinW","ISIS EM-BLASSO","NsiI.TP416911",11,13756,0.0000751622894018206
"30",30,"fprinW","FarmCPU","NsiI.TP632002",1,70863814,0.00000000000167178204664013
"31",31,"fprinW","FarmCPU","PstI.TP1027360",2,64471256,0.000000748313325095292
"32",32,"fprinW","FarmCPU","PstI.TP202284",10,56175041,0.0000000452644854517118
"33",33,"fprinW","FarmCPU","NsiI.TP728788",11,18071,0.00000000486479200852528
